"ENERGY STAR Unique ID","ENERGY STAR Partner","Brand Name","Model Name","Model Number","Additional Model Information","UPC","Full Load Input Rate (kBtu/hr)","Thermal Efficiency (%)","Turndown Ratio","Control Type","Application","Date Available on Market","Date Qualified","Markets","CB Model Identifier"
"2339372","Ariston USA LLC","HTP","Elite XL","ELX-400FBN",,,"399","97","10","Multi-stage","Indoor","2019 Feb 01 12:00:00 AM","2021 Nov 08 12:00:00 AM","United States, Canada","ES_29975_ELX-400FBN_06042019203457_8725699"
"2339374","Ariston USA LLC","HTP","Elite XL","ELX-500FBN",,,"500","97","10","Multi-stage","Indoor","2019 Feb 01 12:00:00 AM","2021 Nov 08 12:00:00 AM","United States, Canada","ES_29975_ELX-500FBN_06042019203502_2881348"
"2339376","Ariston USA LLC","HTP","Elite XL","ELX-650FBN",,,"650","97","10","Multi-stage","Indoor","2019 Feb 01 12:00:00 AM","2021 Nov 08 12:00:00 AM","United States, Canada","ES_29975_ELX-650FBN_06042019203505_5815497"
"2339378","Ariston USA LLC","HTP","Elite XL","ELX-800FBN",,,"800","97","10","Multi-stage","Indoor","2019 Feb 01 12:00:00 AM","2021 Nov 08 12:00:00 AM","United States, Canada","ES_29975_ELX-800FBN_06042019203509_6557036"
"2339380","Ariston USA LLC","HTP","Elite XL","ELX-1000FBN",,,"1,000","97","10","Multi-stage","Indoor","2019 Feb 01 12:00:00 AM","2021 Nov 08 12:00:00 AM","United States, Canada","ES_29975_ELX-1000FBN_06042019203512_2174164"
"2339382","Ariston USA LLC","HTP","Elite XL","ELX-2000FBN",,,"2,000","97","10","Multi-stage","Indoor","2019 Feb 01 12:00:00 AM","2021 Nov 08 12:00:00 AM","United States, Canada","ES_29975_ELX-2000FBN_06042019203516_4518886"
"2682265","Ariston USA LLC","HTP","Elite XL","ELX-1500FBN",,,"1,500","97","10","Multi-stage","Indoor","2020 Feb 01 12:00:00 AM","2023 Oct 12 12:00:00 AM","United States, Canada","ES_29975_ELX-1500FBN_03162020181510_611956"
"2546268","Bradford White Corporation","Bradford White","Brute XTR","BNT2H0650",,,"650","96.5","10","Multi-stage","Indoor","2023 Aug 28 12:00:00 AM","2023 Aug 28 12:00:00 AM","United States, Canada","ES_92896_BNT2H0650_06212023092247_4286906"
"2546272","Bradford White Corporation","Bradford White","Brute XTR","BNT2H0500",,,"500","96.6","10","Multi-stage","Indoor","2023 Aug 28 12:00:00 AM","2023 Aug 28 12:00:00 AM","United States, Canada","ES_92896_BNT2H0500_06212023092246_5544090"
"2546273","Bradford White Corporation","Bradford White","Brute XTR","BNT2H0399",,,"399","96.7","10","Multi-stage","Indoor","2023 Aug 28 12:00:00 AM","2023 Aug 28 12:00:00 AM","United States, Canada","ES_92896_BNT2H0399_06212023092243_8959052"
"2647497","Bradford White Corporation","Bradford White","Brute XTR","BNT2H0800",,,"800","96.4","10","Multi-stage","Indoor","2023 Aug 28 12:00:00 AM","2023 Aug 28 12:00:00 AM","United States, Canada","ES_92896_BNT2H0800_06212023092247_6805086"
"2647498","Bradford White Corporation","Bradford White","Brute XTR","BNT2H1500",,,"1,500","96","10","Multi-stage","Indoor","2023 Aug 28 12:00:00 AM","2023 Aug 28 12:00:00 AM","United States, Canada","ES_92896_BNT2H1500_06212023092247_9089372"
"2647499","Bradford White Corporation","Bradford White","Brute XTR","BNT2H0999",,,"999","96.3","9","Multi-stage","Indoor","2023 Aug 28 12:00:00 AM","2023 Aug 28 12:00:00 AM","United States, Canada","ES_92896_BNT2H0999_06212023092247_7999931"
"3555520","Bradford White Corporation","Bradford White","Brute FT","BFTHW301",,,"301","95.1","7","Multi-stage","Indoor","2023 Jul 01 12:00:00 AM","2024 Jul 29 12:00:00 AM","United States, Canada","ES_92896_BFTHW301_09262023155639_4550151"
"3555521","Bradford White Corporation","Bradford White","Brute FT","BFTHW399",,,"399","95.4","10","Multi-stage","Indoor","2023 Jul 01 12:00:00 AM","2024 Jul 29 12:00:00 AM","United States, Canada","ES_92896_BFTHW399_09262023155640_7607797"
"2318284","Cleaver-Brooks, Inc.","CLEARFIRE","ClearFire-CE","CFCE-700-2000-HW",,,"2,000","95.5","5","Multi-stage","Indoor","2016 Dec 21 12:00:00 AM","2021 Nov 08 12:00:00 AM","United States, Canada","ES_1139488_CFCE-700-2000-HW_04102018180021_9333610"
"2318285","Cleaver-Brooks, Inc.","CLEARFIRE","ClearFire-CE","CFCE-700-750-HW",,,"750","95.1","5","Multi-stage","Indoor","2017 Apr 04 12:00:00 AM","2021 Nov 08 12:00:00 AM","United States, Canada","ES_1139488_CFCE-700-750-HW_04102018180026_3433075"
"2318286","Cleaver-Brooks, Inc.","CLEARFIRE","ClearFire-CE","CFCE-700-1500-HW",,,"1,500","95.1","5","Multi-stage","Indoor","2017 Apr 04 12:00:00 AM","2021 Nov 08 12:00:00 AM","United States, Canada","ES_1139488_CFCE-700-1500-HW_04102018180029_0499709"
"2318287","Cleaver-Brooks, Inc.","CLEARFIRE","ClearFire-CE","CFCE-700-500-HW",,,"500","95.1","5","Multi-stage","Indoor","2018 Feb 03 12:00:00 AM","2021 Nov 08 12:00:00 AM","United States, Canada","ES_1139488_CFCE-700-500-HW_04102018180031_8263670"
"2327861","Cleaver-Brooks, Inc.","CLEARFIRE","ClearFire-CE","CFCE-700-1000-HW",,,"1,000","96.1","5","Multi-stage","Indoor","2016 Dec 21 12:00:00 AM","2021 Nov 08 12:00:00 AM","United States, Canada","ES_1139488_CFCE-700-1000-HW_10122018191945_0534460"
"2368687","ECR International","Utica Boilers","UCS-380","UCS-380",,,"379","95","10","Multi-stage","Indoor","2017 Mar 07 12:00:00 AM","2020 Oct 26 12:00:00 AM","United States, Canada","ES_1017619_UCS-380_10132020141822_4599334"
"3891629","ECR International","CONFORTO","CH-399","CH-399",,,"399","95.5","5","Multi-stage","Indoor","2024 Oct 04 12:00:00 AM","2024 Dec 18 12:00:00 AM","United States, Canada","ES_1017619_CH-399_07032024003347_9418453"
"3891630","ECR International","CONFORTO","CH-499","CH-499",,,"470","95.6","5","Multi-stage","Indoor","2024 Oct 04 12:00:00 AM","2024 Dec 18 12:00:00 AM","United States, Canada","ES_1017619_CH-499_07032024003348_961509"
"3891631","ECR International","Dunkirk","CH-399","CH-399",,,"399","95.5","5","Multi-stage","Indoor","2024 Oct 04 12:00:00 AM","2024 Dec 18 12:00:00 AM","United States, Canada","ES_1017619_CH-399_07032024003350_618771"
"3891632","ECR International","Dunkirk","CH-499","CH-499",,,"470","95.6","5","Multi-stage","Indoor","2024 Oct 04 12:00:00 AM","2024 Dec 18 12:00:00 AM","United States, Canada","ES_1017619_CH-499_07032024003351_8007947"
"3891633","ECR International","Utica Boilers","CH-399","CH-399",,,"399","95.5","5","Multi-stage","Indoor","2024 Oct 04 12:00:00 AM","2024 Dec 18 12:00:00 AM","United States, Canada","ES_1017619_CH-399_07032024003351_9011449"
"3891634","ECR International","Utica Boilers","CH-499","CH-499",,,"470","95.6","5","Multi-stage","Indoor","2024 Oct 04 12:00:00 AM","2024 Dec 18 12:00:00 AM","United States, Canada","ES_1017619_CH-499_07032024003351_3051381"
"4479595","Flemington Junction, LLC","THERMAL SOLUTIONS","AMP","AMP650C",,,"650","97","10","Multi-stage","Indoor","2025 Jul 01 12:00:00 AM","2025 Jul 23 12:00:00 AM","United States, Canada","ES_1141225_AMP650C_05312025003402_10217486185"
"2394781","Fulton Thermal Corporation","FULTON HEATING SOLUTIONS","Endura XE","EXE-399",,,"399","98","7","Multi-stage","Indoor","2022 Mar 17 12:00:00 AM","2022 Apr 13 12:00:00 AM","United States, Canada","ES_1147284_EXE-399_03172022141923_1841245"
"2394782","Fulton Thermal Corporation","FULTON HEATING SOLUTIONS","Endura XE","EXE-750",,,"750","96","15","Multi-stage","Indoor","2022 Mar 17 12:00:00 AM","2022 Apr 13 12:00:00 AM","United States, Canada","ES_1147284_EXE-750_03172022141923_9879902"
"2394783","Fulton Thermal Corporation","FULTON HEATING SOLUTIONS","Endura XE","EXE-650",,,"650","96.3","13","Multi-stage","Indoor","2022 Mar 17 12:00:00 AM","2022 Apr 13 12:00:00 AM","United States, Canada","ES_1147284_EXE-650_03172022141922_9906909"
"2394784","Fulton Thermal Corporation","FULTON HEATING SOLUTIONS","Endura XE","EXE-500",,,"500","97.3","10","Multi-stage","Indoor","2022 Mar 17 12:00:00 AM","2022 Apr 13 12:00:00 AM","United States, Canada","ES_1147284_EXE-500_03172022141921_7227517"
"3891635","Fulton Thermal Corporation","FULTON HEATING SOLUTIONS","Endura XE","EXE-1000",,,"1,000","97.8","14","Multi-stage","Indoor","2025 Apr 01 12:00:00 AM","2024 Dec 18 12:00:00 AM","United States, Canada","ES_1147069_EXE-1000_10192024003209_2202971"
"3891636","Fulton Thermal Corporation","FULTON HEATING SOLUTIONS","Endura XE","EXE-2500",,,"2,500","97.3","14","Multi-stage","Indoor","2025 Apr 01 12:00:00 AM","2024 Dec 18 12:00:00 AM","United States, Canada","ES_1147069_EXE-2500_10192024003210_3165492"
"3891637","Fulton Thermal Corporation","FULTON HEATING SOLUTIONS","Endura XE","EXE-1500",,,"1,500","97.6","15","Multi-stage","Indoor","2025 Apr 01 12:00:00 AM","2024 Dec 18 12:00:00 AM","United States, Canada","ES_1147069_EXE-1500_10192024003210_317479"
"3891638","Fulton Thermal Corporation","FULTON HEATING SOLUTIONS","Endura XE","EXE-2000",,,"2,000","97.5","15","Multi-stage","Indoor","2025 Apr 01 12:00:00 AM","2024 Dec 18 12:00:00 AM","United States, Canada","ES_1147069_EXE-2000_10192024003211_2524250"
"2356516","IBC Technologies Inc.","IBC Technologies","EX 850","EX 850",,,"850","97.1","10","Multi-stage","Indoor","2019 Nov 15 12:00:00 AM","2021 Nov 08 12:00:00 AM","United States, Canada","ES_1084006_EX 850_03162020181510_700937"
"2356517","IBC Technologies Inc.","IBC Technologies","EX 700","EX 700",,,"700","97","10","Multi-stage","Indoor","2019 Nov 15 12:00:00 AM","2021 Nov 08 12:00:00 AM","United States, Canada","ES_1084006_EX 700_03162020181510_423066"
"2358245","IBC Technologies Inc.","IBC Technologies","EX 500","EX 500",,,"500","97.5","10","Multi-stage","Indoor","2020 May 01 12:00:00 AM","2021 Nov 08 12:00:00 AM","United States, Canada","ES_1084006_EX 500_03162020181510_264401"
"2358247","IBC Technologies Inc.","IBC Technologies","EX 400","EX 400",,,"399","97.9","9","Multi-stage","Indoor","2020 May 01 12:00:00 AM","2021 Nov 08 12:00:00 AM","United States, Canada","ES_1084006_EX 400_03162020181510_650928"
"2374512","IBC Technologies Inc.","IBC Technologies","SL40-399G3","SL40-399G3",,,"399","96.5","9","Multi-stage","Indoor","2017 May 15 12:00:00 AM","2021 Nov 08 12:00:00 AM","United States, Canada","ES_1084006_SL40-399G3_03162020181510_958472"
"4572695","IBC Technologies Inc.","Ruud","RUHBH-FT399P","RUHBH-FT399P",,,"399","96.5","9","Multi-stage","Indoor","2026 Apr 01 12:00:00 AM","2026 Mar 24 12:00:00 AM","United States","ES_1084006_RUHBH-FT399P_01292026010131_10218079216"
"4572696","IBC Technologies Inc.","Ruud","RUHBH-FT399","RUHBH-FT399",,,"399","96.5","9","Multi-stage","Indoor","2026 Apr 01 12:00:00 AM","2026 Mar 24 12:00:00 AM","United States","ES_1084006_RUHBH-FT399_01292026010131_10218079215"
"4572697","IBC Technologies Inc.","Rheem","RHBH-FT399P","RHBH-FT399P",,,"399","96.5","9","Multi-stage","Indoor","2026 Apr 01 12:00:00 AM","2026 Mar 24 12:00:00 AM","United States","ES_1084006_RHBH-FT399P_01292026010131_10218079214"
"4572698","IBC Technologies Inc.","Rheem","RHBH-FT399","RHBH-FT399",,,"399","96.5","9","Multi-stage","Indoor","2026 Apr 01 12:00:00 AM","2026 Mar 24 12:00:00 AM","United States","ES_1084006_RHBH-FT399_01292026010131_10218079213"
"2326613","King Heating Products, Inc.","King Heating Products Inc.","Ecoking Ultimate Boiler","EK 399-CHB",,,"396.2","94","5","Multi-stage","Indoor","2018 May 01 12:00:00 AM","2018 Jun 15 12:00:00 AM","Canada","ES_1125479_EK 399-CHB_06152018154418_7458089"
"2326614","King Heating Products, Inc.","King Heating Products Inc.","Ecoking Ultimate Boiler","EK 499-CHB",,,"494","94","5","Multi-stage","Indoor","2018 May 01 12:00:00 AM","2018 Jun 15 12:00:00 AM","Canada","ES_1125479_EK 499-CHB_06152018154341_7421090"
"2546266","LAARS Heating Systems Company","Laars","NeoTherm XTR","NT2H0800",,,"800","96.4","10","Multi-stage","Indoor","2023 Jul 01 12:00:00 AM","2023 Jul 10 12:00:00 AM","United States, Canada","ES_1108210_NT2H0800_03222023003212_3338766"
"2546267","LAARS Heating Systems Company","Laars","NeoTherm XTR","NT2H0399",,,"399","96.7","10","Multi-stage","Indoor","2023 Jul 01 12:00:00 AM","2023 Jul 10 12:00:00 AM","United States, Canada","ES_1108210_NT2H0399_03182023004643_6000501"
"2546269","LAARS Heating Systems Company","Laars","NeoTherm XTR","NT2H0999",,,"999","96.3","9","Multi-stage","Indoor","2023 Jul 01 12:00:00 AM","2023 Jul 10 12:00:00 AM","United States, Canada","ES_1108210_NT2H0999_03182023004646_758749"
"2546270","LAARS Heating Systems Company","Laars","NeoTherm XTR","NT2H1500",,,"1,500","96","10","Multi-stage","Indoor","2023 Jul 01 12:00:00 AM","2023 Jul 10 12:00:00 AM","United States, Canada","ES_1108210_NT2H1500_03182023004647_5741648"
"2546271","LAARS Heating Systems Company","Laars","NeoTherm XTR","NT2H0650",,,"650","96.5","10","Multi-stage","Indoor","2023 Jul 01 12:00:00 AM","2023 Jul 10 12:00:00 AM","United States, Canada","ES_1108210_NT2H0650_03222023003207_257284"
"2549231","LAARS Heating Systems Company","Laars","NeoTherm XTR","NT2H0500",,,"500","96.6","10","Multi-stage","Indoor","2023 Jul 01 12:00:00 AM","2023 Jul 11 12:00:00 AM","United States, Canada","ES_1108210_NT2H0500_03182023004646_2073248"
"3557053","LAARS Heating Systems Company","Laars","FT Series","LFTHW301",,,"301","95.1","7","Multi-stage","Indoor","2023 Jul 01 12:00:00 AM","2024 Aug 01 12:00:00 AM","United States, Canada","ES_1108210_LFTHW301_05122023014056_1071524"
"3557054","LAARS Heating Systems Company","Laars","FT Series","LFTHW399",,,"399","95.4","10","Multi-stage","Indoor","2023 Jul 01 12:00:00 AM","2024 Aug 01 12:00:00 AM","United States, Canada","ES_1108210_LFTHW399_05122023014056_3069742"
"2318306","Lochinvar, LLC","Lochinvar","Crest","FBN0751",,,"750","96.2","15","Multi-stage","Indoor","2014 Oct 06 12:00:00 AM","2021 Nov 08 12:00:00 AM","United States, Canada","ES_1028919_FBN0751_04102018180227_4517527"
"2318307","Lochinvar, LLC","Lochinvar","Crest","FBN1001",,,"999","96.2","19","Multi-stage","Indoor","2014 Oct 06 12:00:00 AM","2021 Nov 08 12:00:00 AM","United States, Canada","ES_1028919_FBN1001_04102018180229_7996110"
"2318308","Lochinvar, LLC","Lochinvar","Crest","FBN1251",,,"1,250","96.2","20","Multi-stage","Indoor","2014 Oct 06 12:00:00 AM","2021 Nov 08 12:00:00 AM","United States, Canada","ES_1028919_FBN1251_04102018180231_2346746"
"2318309","Lochinvar, LLC","Lochinvar","Crest","FBL0751",,,"750","96.2","15","Multi-stage","Indoor","2014 Oct 06 12:00:00 AM","2021 Nov 08 12:00:00 AM","United States, Canada","ES_1028919_FBL0751_04102018180234_4189127"
"2318310","Lochinvar, LLC","Lochinvar","Crest","FBL1001",,,"999","96.2","19","Multi-stage","Indoor","2014 Oct 06 12:00:00 AM","2021 Nov 08 12:00:00 AM","United States, Canada","ES_1028919_FBL1001_04102018180236_2684220"
"2318311","Lochinvar, LLC","Lochinvar","Crest","FBL1251",,,"1,250","96.2","20","Multi-stage","Indoor","2014 Oct 06 12:00:00 AM","2021 Nov 08 12:00:00 AM","United States, Canada","ES_1028919_FBL1251_04102018180239_3446805"
"2318312","Lochinvar, LLC","Lochinvar","Crest","FBN1501",,,"1,500","96.2","25","Multi-stage","Indoor","2014 Oct 06 12:00:00 AM","2021 Nov 08 12:00:00 AM","United States, Canada","ES_1028919_FBN1501_04102018180242_8245164"
"2318313","Lochinvar, LLC","Lochinvar","Crest","FBL1501",,,"1,500","96.2","25","Multi-stage","Indoor","2014 Oct 06 12:00:00 AM","2021 Nov 08 12:00:00 AM","United States, Canada","ES_1028919_FBL1501_04102018180244_5627442"
"2318314","Lochinvar, LLC","Lochinvar","Crest","FBN1751",,,"1,750","96.2","25","Multi-stage","Indoor","2014 Oct 06 12:00:00 AM","2021 Nov 08 12:00:00 AM","United States, Canada","ES_1028919_FBN1751_04102018180247_6771711"
"2318315","Lochinvar, LLC","Lochinvar","Crest","FBL1751",,,"1,750","96.2","25","Multi-stage","Indoor","2014 Oct 06 12:00:00 AM","2021 Nov 08 12:00:00 AM","United States, Canada","ES_1028919_FBL1751_04102018180250_7043928"
"2318316","Lochinvar, LLC","Lochinvar","Crest","FBN2001",,,"1,999","96.2","24","Multi-stage","Indoor","2014 Oct 06 12:00:00 AM","2021 Nov 08 12:00:00 AM","United States, Canada","ES_1028919_FBN2001_04102018180252_9650459"
"2318317","Lochinvar, LLC","Lochinvar","Crest","FBL2001",,,"1,999","96.2","24","Multi-stage","Indoor","2014 Oct 06 12:00:00 AM","2021 Nov 08 12:00:00 AM","United States, Canada","ES_1028919_FBL2001_04102018180255_0413045"
"2318318","Lochinvar, LLC","Lochinvar","Crest","FBD0751",,,"750","96.2","15","Multi-stage","Indoor","2014 Oct 06 12:00:00 AM","2021 Nov 08 12:00:00 AM","United States, Canada","ES_1028919_FBD0751_04102018180257_8351730"
"2318319","Lochinvar, LLC","Lochinvar","Crest","FBD1001",,,"999","96.2","19","Multi-stage","Indoor","2014 Oct 06 12:00:00 AM","2021 Nov 08 12:00:00 AM","United States, Canada","ES_1028919_FBD1001_04102018180259_9845446"
"2318320","Lochinvar, LLC","Lochinvar","Crest","FBD1251",,,"1,250","96.2","20","Multi-stage","Indoor","2014 Oct 06 12:00:00 AM","2021 Nov 08 12:00:00 AM","United States, Canada","ES_1028919_FBD1251_04102018180302_8132796"
"2318321","Lochinvar, LLC","Lochinvar","Crest","FBD1501",,,"1,500","96.2","25","Multi-stage","Indoor","2014 Oct 06 12:00:00 AM","2021 Nov 08 12:00:00 AM","United States, Canada","ES_1028919_FBD1501_04102018180304_3596247"
"2318322","Lochinvar, LLC","Lochinvar","Crest","FBD1751",,,"1,750","96.2","25","Multi-stage","Indoor","2014 Oct 06 12:00:00 AM","2021 Nov 08 12:00:00 AM","United States, Canada","ES_1028919_FBD1751_04102018180306_5438627"
"2318323","Lochinvar, LLC","Lochinvar","Crest","FBD2001",,,"1,999","96.2","24","Multi-stage","Indoor","2014 Oct 06 12:00:00 AM","2021 Nov 08 12:00:00 AM","United States, Canada","ES_1028919_FBD2001_04102018180309_4838792"
"2318324","Lochinvar, LLC","Lochinvar","FTXL","FTX400(N,L)",,,"399","98","9","Multi-stage","Indoor","2014 Jul 08 12:00:00 AM","2021 Nov 08 12:00:00 AM","United States, Canada","ES_1028919_FTX400(N,L)_04102018180359_8244983"
"2318325","Lochinvar, LLC","Lochinvar","FTXL","FTX500(N,L)",,,"500","97.7","10","Multi-stage","Indoor","2014 Jul 08 12:00:00 AM","2021 Nov 08 12:00:00 AM","United States, Canada","ES_1028919_FTX500(N,L)_04102018180401_5627261"
"2318326","Lochinvar, LLC","Lochinvar","FTXL","FTX600(N,L)",,,"600","97.5","7","Multi-stage","Indoor","2014 Jul 08 12:00:00 AM","2021 Nov 08 12:00:00 AM","United States, Canada","ES_1028919_FTX600(N,L)_04102018180404_5517794"
"2318327","Lochinvar, LLC","Lochinvar","FTXL","FTX725(N,L)",,,"725","97.2","6","Multi-stage","Indoor","2014 Jul 08 12:00:00 AM","2021 Nov 08 12:00:00 AM","United States, Canada","ES_1028919_FTX725(N,L)_04102018180406_5790012"
"2318328","Lochinvar, LLC","Lochinvar","FTXL","FTX850(N,L)",,,"850","97","6","Multi-stage","Indoor","2014 Jul 08 12:00:00 AM","2021 Nov 08 12:00:00 AM","United States, Canada","ES_1028919_FTX850(N,L)_04102018180409_4285105"
"2342922","Lochinvar, LLC","Lochinvar","Knight Wall Hung","WHB399N",,,"399","94.4","5","Multi-stage","Indoor","2018 Aug 28 12:00:00 AM","2021 Nov 08 12:00:00 AM","United States, Canada","ES_1028919_WHB399N_08022019195029_8292306"
"2342923","Lochinvar, LLC","Lochinvar","Knight Wall Hung","WHB399L",,,"399","94.4","5","Multi-stage","Indoor","2018 Aug 28 12:00:00 AM","2021 Nov 08 12:00:00 AM","United States, Canada","ES_1028919_WHB399L_08022019195038_2077462"
"2346536","Lochinvar, LLC","Lochinvar","Crest","OFN0751",,,"750","96","15","Multi-stage","Outdoor","2014 Oct 06 12:00:00 AM","2021 Nov 08 12:00:00 AM","United States, Canada","ES_1028919_OFN0751_09172019143107_3575758"
"2346537","Lochinvar, LLC","Lochinvar","Crest","OFN1001",,,"999","96","19","Multi-stage","Outdoor","2014 Oct 06 12:00:00 AM","2021 Nov 08 12:00:00 AM","United States, Canada","ES_1028919_OFN1001_09172019143116_4329270"
"2346538","Lochinvar, LLC","Lochinvar","Crest","OFN1251",,,"1,250","96","20","Multi-stage","Outdoor","2014 Oct 06 12:00:00 AM","2021 Nov 08 12:00:00 AM","United States, Canada","ES_1028919_OFN1251_09172019143119_5311572"
"2346539","Lochinvar, LLC","Lochinvar","Crest","OFL0751",,,"750","96","15","Multi-stage","Outdoor","2014 Oct 06 12:00:00 AM","2021 Nov 08 12:00:00 AM","United States, Canada","ES_1028919_OFL0751_09172019143122_3054488"
"2346540","Lochinvar, LLC","Lochinvar","Crest","OFL1001",,,"999","96","19","Multi-stage","Outdoor","2014 Oct 06 12:00:00 AM","2021 Nov 08 12:00:00 AM","United States, Canada","ES_1028919_OFL1001_09172019143126_4560178"
"2346541","Lochinvar, LLC","Lochinvar","Crest","OFL1251",,,"1,250","96","20","Multi-stage","Outdoor","2014 Oct 06 12:00:00 AM","2021 Nov 08 12:00:00 AM","United States, Canada","ES_1028919_OFL1251_09172019143130_6381512"
"2346542","Lochinvar, LLC","Lochinvar","Crest","OFN1501",,,"1,500","96","25","Multi-stage","Outdoor","2014 Oct 06 12:00:00 AM","2021 Nov 08 12:00:00 AM","United States, Canada","ES_1028919_OFN1501_09172019143133_5204223"
"2346543","Lochinvar, LLC","Lochinvar","Crest","OFL1501",,,"1,500","96","25","Multi-stage","Outdoor","2014 Oct 06 12:00:00 AM","2021 Nov 08 12:00:00 AM","United States, Canada","ES_1028919_OFL1501_09172019143137_4168638"
"2346544","Lochinvar, LLC","Lochinvar","Crest","OFN1751",,,"1,750","96","25","Multi-stage","Outdoor","2014 Oct 06 12:00:00 AM","2021 Nov 08 12:00:00 AM","United States, Canada","ES_1028919_OFN1751_09172019143141_3722480"
"2346545","Lochinvar, LLC","Lochinvar","Crest","OFL1751",,,"1,750","96","25","Multi-stage","Outdoor","2014 Oct 06 12:00:00 AM","2021 Nov 08 12:00:00 AM","United States, Canada","ES_1028919_OFL1751_09172019143144_3973651"
"2346546","Lochinvar, LLC","Lochinvar","Crest","OFN2001",,,"1,999","96","24","Multi-stage","Outdoor","2014 Oct 06 12:00:00 AM","2021 Nov 08 12:00:00 AM","United States, Canada","ES_1028919_OFN2001_09172019143147_3843138"
"2346547","Lochinvar, LLC","Lochinvar","Crest","OFL2001",,,"1,999","96","24","Multi-stage","Outdoor","2014 Oct 06 12:00:00 AM","2021 Nov 08 12:00:00 AM","United States, Canada","ES_1028919_OFL2001_09172019143151_3222256"
"2374393","Lochinvar, LLC","Lochinvar","Knight XL","KBX0400L SERIES 1**",,,"399","97","10","Multi-stage","Indoor","2021 Jan 01 12:00:00 AM","2021 Nov 09 12:00:00 AM","United States, Canada","ES_1028919_KBX0400L SERIES 1**_08272020020240_5695753"
"2374394","Lochinvar, LLC","Lochinvar","Knight XL","KBX0400L-O SERIES 1**",,,"399","96.3","10","Multi-stage","Outdoor","2021 Jan 01 12:00:00 AM","2021 Nov 09 12:00:00 AM","United States, Canada","ES_1028919_KBX0400L-O SERIES 1**_08272020020240_5039367"
"2374395","Lochinvar, LLC","Lochinvar","Knight XL","KBX0400N SERIES 1**",,,"399","97","10","Multi-stage","Indoor","2021 Jan 01 12:00:00 AM","2021 Nov 09 12:00:00 AM","United States, Canada","ES_1028919_KBX0400N SERIES 1**_08272020020241_3672675"
"2374396","Lochinvar, LLC","Lochinvar","Knight XL","KBX0500L SERIES 1**",,,"500","97","10","Multi-stage","Indoor","2021 Jan 01 12:00:00 AM","2021 Nov 09 12:00:00 AM","United States, Canada","ES_1028919_KBX0500L SERIES 1**_08272020020241_5256042"
"2374397","Lochinvar, LLC","Lochinvar","Knight XL","KBX0400N-O SERIES 1**",,,"399","96.3","10","Multi-stage","Outdoor","2021 Jan 01 12:00:00 AM","2021 Nov 09 12:00:00 AM","United States, Canada","ES_1028919_KBX0400N-O SERIES 1**_08272020020241_7709832"
"2374398","Lochinvar, LLC","Lochinvar","Knight XL","KBX0500L-O SERIES 1**",,,"500","96.3","10","Multi-stage","Outdoor","2021 Jan 01 12:00:00 AM","2021 Nov 09 12:00:00 AM","United States, Canada","ES_1028919_KBX0500L-O SERIES 1**_08272020020242_9038567"
"2374399","Lochinvar, LLC","Lochinvar","Knight XL","KBX0500N SERIES 1**",,,"500","97","10","Multi-stage","Indoor","2021 Jan 01 12:00:00 AM","2021 Nov 09 12:00:00 AM","United States, Canada","ES_1028919_KBX0500N SERIES 1**_08272020020242_9991764"
"2374400","Lochinvar, LLC","Lochinvar","Knight XL","KBX0650L SERIES 1**",,,"650","97","10","Multi-stage","Indoor","2021 Jan 01 12:00:00 AM","2021 Nov 09 12:00:00 AM","United States, Canada","ES_1028919_KBX0650L SERIES 1**_08272020020242_2808509"
"2374401","Lochinvar, LLC","Lochinvar","Knight XL","KBX0800L SERIES 1**",,,"800","97","10","Multi-stage","Indoor","2021 Jan 01 12:00:00 AM","2021 Nov 09 12:00:00 AM","United States, Canada","ES_1028919_KBX0800L SERIES 1**_08272020020242_2531355"
"2374402","Lochinvar, LLC","Lochinvar","Knight XL","KBX1000L SERIES 1**",,,"999","97","10","Multi-stage","Indoor","2021 Jan 01 12:00:00 AM","2021 Nov 09 12:00:00 AM","United States, Canada","ES_1028919_KBX1000L SERIES 1**_08272020020243_7846238"
"2374403","Lochinvar, LLC","Lochinvar","Knight XL","KBX0650N SERIES 1**",,,"650","97","10","Multi-stage","Indoor","2021 Jan 01 12:00:00 AM","2021 Nov 09 12:00:00 AM","United States, Canada","ES_1028919_KBX0650N SERIES 1**_08272020020243_5171154"
"2374404","Lochinvar, LLC","Lochinvar","Knight XL","KBX0800N SERIES 1**",,,"800","97","10","Multi-stage","Indoor","2021 Jan 01 12:00:00 AM","2021 Nov 09 12:00:00 AM","United States, Canada","ES_1028919_KBX0800N SERIES 1**_08272020020243_8451210"
"2374405","Lochinvar, LLC","Lochinvar","Knight XL","KBX1000N SERIES 1**",,,"999","97","10","Multi-stage","Indoor","2021 Jan 01 12:00:00 AM","2021 Nov 09 12:00:00 AM","United States, Canada","ES_1028919_KBX1000N SERIES 1**_08272020020243_5082053"
"2374406","Lochinvar, LLC","Lochinvar","Knight XL","KBX0650L-O SERIES 1**",,,"650","96.3","10","Multi-stage","Outdoor","2021 Jan 01 12:00:00 AM","2021 Nov 09 12:00:00 AM","United States, Canada","ES_1028919_KBX0650L-O SERIES 1**_08272020020243_9391429"
"2374407","Lochinvar, LLC","Lochinvar","Knight XL","KBX0800L-O SERIES 1**",,,"800","96.3","10","Multi-stage","Outdoor","2021 Jan 01 12:00:00 AM","2021 Nov 09 12:00:00 AM","United States, Canada","ES_1028919_KBX0800L-O SERIES 1**_08272020020243_1761768"
"2374408","Lochinvar, LLC","Lochinvar","Knight XL","KBX1000L-O SERIES 1**",,,"999","96.3","10","Multi-stage","Outdoor","2021 Jan 01 12:00:00 AM","2021 Nov 09 12:00:00 AM","United States, Canada","ES_1028919_KBX1000L-O SERIES 1**_08272020020244_8508192"
"2374409","Lochinvar, LLC","Lochinvar","Knight XL","KBX0650N-O SERIES 1**",,,"650","96.3","10","Multi-stage","Outdoor","2021 Jan 01 12:00:00 AM","2021 Nov 09 12:00:00 AM","United States, Canada","ES_1028919_KBX0650N-O SERIES 1**_08272020020244_7550808"
"2374410","Lochinvar, LLC","Lochinvar","Knight XL","KBX0500N-O SERIES 1**",,,"500","96.3","10","Multi-stage","Outdoor","2021 Jan 01 12:00:00 AM","2021 Nov 09 12:00:00 AM","United States, Canada","ES_1028919_KBX0500N-O SERIES 1**_08272020020244_2244927"
"2374411","Lochinvar, LLC","Lochinvar","Knight XL","KBX0800N-O SERIES 1**",,,"800","96.3","10","Multi-stage","Outdoor","2021 Jan 01 12:00:00 AM","2021 Nov 09 12:00:00 AM","United States, Canada","ES_1028919_KBX0800N-O SERIES 1**_08272020020244_6914273"
"2374412","Lochinvar, LLC","Lochinvar","Knight XL","KBX1000N-O SERIES 1**",,,"999","96.3","10","Multi-stage","Outdoor","2021 Jan 01 12:00:00 AM","2021 Nov 09 12:00:00 AM","United States, Canada","ES_1028919_KBX1000N-O SERIES 1**_08272020020245_8966122"
"2378994","Lochinvar, LLC","Lochinvar","Crest","FCB1500N",,,"1,500","96.2","25","Multi-stage","Indoor","2021 Jun 05 12:00:00 AM","2021 Nov 09 12:00:00 AM","United States, Canada","ES_1028919_FCB1500N_06032021014812_3429630"
"2378995","Lochinvar, LLC","Lochinvar","Crest","FCB2000N",,,"1,999","96.2","24","Multi-stage","Indoor","2021 Jun 05 12:00:00 AM","2021 Nov 09 12:00:00 AM","United States, Canada","ES_1028919_FCB2000N_06032021014812_5247246"
"2378996","Lochinvar, LLC","Lochinvar","Crest","FCB2000L",,,"1,999","96.2","24","Multi-stage","Indoor","2021 Jun 05 12:00:00 AM","2021 Nov 09 12:00:00 AM","United States, Canada","ES_1028919_FCB2000L_06032021014812_2020764"
"2378997","Lochinvar, LLC","Lochinvar","FTXL","FTX1000N",,,"999","98.3","10","Multi-stage","Indoor","2021 Jun 15 12:00:00 AM","2021 Nov 09 12:00:00 AM","United States, Canada","ES_1028919_FTX1000N_06032021014813_3469713"
"2378998","Lochinvar, LLC","Lochinvar","FTXL","FTX1000L",,,"999","98.3","10","Multi-stage","Indoor","2021 Jun 15 12:00:00 AM","2021 Nov 09 12:00:00 AM","United States, Canada","ES_1028919_FTX1000L_06032021014813_4823471"
"2378999","Lochinvar, LLC","Lochinvar","Crest","FCB1500L",,,"1,500","96.2","25","Multi-stage","Indoor","2021 Jun 05 12:00:00 AM","2021 Nov 09 12:00:00 AM","United States, Canada","ES_1028919_FCB1500L_06032021014812_5241895"
"2379000","Lochinvar, LLC","Lochinvar","Crest","FCB1000L",,,"999","96.2","19","Multi-stage","Indoor","2021 Jun 05 12:00:00 AM","2021 Nov 09 12:00:00 AM","United States, Canada","ES_1028919_FCB1000L_06032021014812_1908771"
"2379001","Lochinvar, LLC","Lochinvar","Crest","FCB1000N",,,"999","96.2","19","Multi-stage","Indoor","2021 Jun 05 12:00:00 AM","2021 Nov 09 12:00:00 AM","United States, Canada","ES_1028919_FCB1000N_06032021014812_2950109"
"2409584","Mestek, Inc.","RBI WATER HEATERS","Encore Outdoor Series","RB0850X",,,"850","96.5","10","Multi-stage","Outdoor","2021 Jul 21 12:00:00 AM","2023 Mar 01 12:00:00 AM","United States, Canada","ES_1083631_RB0850X_07222021013221_1220662"
"2409585","Mestek, Inc.","RBI WATER HEATERS","Encore Outdoor Series","RB0725X",,,"725","97.3","10","Multi-stage","Outdoor","2021 Jul 21 12:00:00 AM","2023 Mar 01 12:00:00 AM","United States, Canada","ES_1083631_RB0725X_07222021013221_4443372"
"2409586","Mestek, Inc.","RBI WATER HEATERS","Encore Outdoor Series","RB0600X",,,"600","97.6","10","Multi-stage","Outdoor","2021 Jul 21 12:00:00 AM","2023 Mar 01 12:00:00 AM","United States, Canada","ES_1083631_RB0600X_07222021013221_6270410"
"2409587","Mestek, Inc.","RBI WATER HEATERS","Encore Outdoor Series","RB0500X",,,"500","98","10","Multi-stage","Outdoor","2021 Jul 21 12:00:00 AM","2023 Mar 01 12:00:00 AM","United States, Canada","ES_1083631_RB0500X_07222021013220_6536332"
"2409588","Mestek, Inc.","RBI WATER HEATERS","Encore Outdoor Series","RB0400X",,,"399","98.2","10","Multi-stage","Outdoor","2021 Jul 21 12:00:00 AM","2023 Mar 01 12:00:00 AM","United States, Canada","ES_1083631_RB0400X_07222021013220_2370069"
"2409589","Mestek, Inc.","RBI WATER HEATERS","Encore Indoor Series","RB0850",,,"850","96.9","10","Multi-stage","Indoor","2021 Jul 21 12:00:00 AM","2023 Mar 01 12:00:00 AM","United States, Canada","ES_1083631_RB0850_07222021013220_8782098"
"2409590","Mestek, Inc.","RBI WATER HEATERS","Encore Outdoor Series","RB0350X",,,"349","98","8","Multi-stage","Outdoor","2021 Jul 21 12:00:00 AM","2023 Mar 01 12:00:00 AM","United States, Canada","ES_1083631_RB0350X_07222021013220_3041553"
"2409591","Mestek, Inc.","RBI WATER HEATERS","Encore Indoor Series","RB0725",,,"725","97.6","10","Multi-stage","Indoor","2021 Jul 21 12:00:00 AM","2023 Mar 01 12:00:00 AM","United States, Canada","ES_1083631_RB0725_07222021013219_1077788"
"2409593","Mestek, Inc.","RBI WATER HEATERS","Encore Indoor Series","RB0600",,,"600","97.8","10","Multi-stage","Indoor","2021 Jul 21 12:00:00 AM","2023 Mar 01 12:00:00 AM","United States, Canada","ES_1083631_RB0600_07222021013219_6866795"
"2409594","Mestek, Inc.","RBI WATER HEATERS","Encore Indoor Series","RB0500",,,"500","98","10","Multi-stage","Indoor","2021 Jul 21 12:00:00 AM","2023 Mar 01 12:00:00 AM","United States, Canada","ES_1083631_RB0500_07222021013218_8466745"
"2409595","Mestek, Inc.","RBI WATER HEATERS","Encore Indoor Series","RB0400",,,"399","98.2","10","Multi-stage","Indoor","2021 Jul 21 12:00:00 AM","2023 Mar 01 12:00:00 AM","United States, Canada","ES_1083631_RB0400_07222021013218_3258691"
"2409596","Mestek, Inc.","RBI WATER HEATERS","Encore Indoor Series","RB0350",,,"349","98","8","Multi-stage","Indoor","2021 Jul 21 12:00:00 AM","2023 Mar 01 12:00:00 AM","United States, Canada","ES_1083631_RB0350_07222021013218_9550310"
"2853302","Mestek, Inc.","RBI WATER HEATERS","Torus Indoor Series","WB1500",,,"1,500","96.5","10","Multi-stage","Indoor","2023 Oct 12 12:00:00 AM","2023 Dec 13 12:00:00 AM","United States, Canada","ES_1083631_WB1500_10122023115042_9670271"
"2853306","Mestek, Inc.","RBI WATER HEATERS","Torus Outdoor Series","WB0400X",,,"399","96.5","10","Multi-stage","Outdoor","2023 Oct 12 12:00:00 AM","2023 Dec 13 12:00:00 AM","United States, Canada","ES_1083631_WB0400X_10122023115048_2560365"
"2853319","Mestek, Inc.","RBI WATER HEATERS","Torus Indoor Series","WB1000",,,"999","96","10","Multi-stage","Indoor","2023 Oct 12 12:00:00 AM","2023 Dec 13 12:00:00 AM","United States, Canada","ES_1083631_WB1000_10122023115048_2157742"
"2853326","Mestek, Inc.","RBI WATER HEATERS","Torus Outdoor Series","WB0800X",,,"800","96.1","10","Multi-stage","Outdoor","2023 Oct 12 12:00:00 AM","2023 Dec 13 12:00:00 AM","United States, Canada","ES_1083631_WB0800X_10122023115049_349048"
"2853329","Mestek, Inc.","RBI WATER HEATERS","Torus Indoor Series","WB0650",,,"650","96.3","10","Multi-stage","Indoor","2023 Oct 12 12:00:00 AM","2023 Dec 13 12:00:00 AM","United States, Canada","ES_1083631_WB0650_10122023115046_1271289"
"2853335","Mestek, Inc.","RBI WATER HEATERS","Torus Outdoor Series","WB0650X",,,"650","96.3","10","Multi-stage","Outdoor","2023 Oct 12 12:00:00 AM","2023 Dec 13 12:00:00 AM","United States, Canada","ES_1083631_WB0650X_10122023115048_5486553"
"2853336","Mestek, Inc.","RBI WATER HEATERS","Torus Outdoor Series","WB1000X",,,"999","96","10","Multi-stage","Outdoor","2023 Oct 12 12:00:00 AM","2023 Dec 13 12:00:00 AM","United States, Canada","ES_1083631_WB1000X_10122023115049_3247760"
"2853345","Mestek, Inc.","RBI WATER HEATERS","Torus Indoor Series","WB0800",,,"800","96.1","10","Multi-stage","Indoor","2023 Oct 12 12:00:00 AM","2023 Dec 13 12:00:00 AM","United States, Canada","ES_1083631_WB0800_10122023115046_9132915"
"2853357","Mestek, Inc.","RBI WATER HEATERS","Torus Indoor Series","WB0350",,,"349","96.7","8","Multi-stage","Indoor","2023 Oct 12 12:00:00 AM","2023 Dec 13 12:00:00 AM","United States, Canada","ES_1083631_WB0350_10122023115045_7479996"
"2853363","Mestek, Inc.","RBI WATER HEATERS","Torus Outdoor Series","WB0300X",,,"300","97","7","Multi-stage","Outdoor","2023 Oct 12 12:00:00 AM","2023 Dec 13 12:00:00 AM","United States, Canada","ES_1083631_WB0300X_10122023115047_5707649"
"2853372","Mestek, Inc.","RBI WATER HEATERS","Torus Indoor Series","WB2000",,,"1,999","96.5","9","Multi-stage","Indoor","2023 Oct 12 12:00:00 AM","2023 Dec 13 12:00:00 AM","United States, Canada","ES_1083631_WB2000_10122023115043_1112470"
"2853386","Mestek, Inc.","RBI WATER HEATERS","Torus Outdoor Series","WB1500X",,,"1,500","96.3","10","Multi-stage","Outdoor","2023 Oct 12 12:00:00 AM","2023 Dec 13 12:00:00 AM","United States, Canada","ES_1083631_WB1500X_10122023115038_1603823"
"2853387","Mestek, Inc.","RBI WATER HEATERS","Torus Outdoor Series","WB2000X",,,"1,999","96.3","9","Multi-stage","Outdoor","2023 Oct 12 12:00:00 AM","2023 Dec 13 12:00:00 AM","United States, Canada","ES_1083631_WB2000X_10122023115039_2166746"
"2853388","Mestek, Inc.","RBI WATER HEATERS","Torus Outdoor Series","WB0500X",,,"500","96.4","10","Multi-stage","Outdoor","2023 Oct 12 12:00:00 AM","2023 Dec 13 12:00:00 AM","United States, Canada","ES_1083631_WB0500X_10122023115048_4217878"
"2853397","Mestek, Inc.","RBI WATER HEATERS","Torus Indoor Series","WB1250",,,"1,250","96.5","10","Multi-stage","Indoor","2023 Oct 12 12:00:00 AM","2023 Dec 13 12:00:00 AM","United States, Canada","ES_1083631_WB1250_10122023115041_5479909"
"2853408","Mestek, Inc.","RBI WATER HEATERS","Torus Indoor Series","WB0400",,,"399","96.5","10","Multi-stage","Indoor","2023 Oct 12 12:00:00 AM","2023 Dec 13 12:00:00 AM","United States, Canada","ES_1083631_WB0400_10122023115045_1156086"
"2853409","Mestek, Inc.","RBI WATER HEATERS","Torus Indoor Series","WB0500",,,"500","96.4","10","Multi-stage","Indoor","2023 Oct 12 12:00:00 AM","2023 Dec 13 12:00:00 AM","United States, Canada","ES_1083631_WB0500_10122023115046_8713557"
"2853415","Mestek, Inc.","RBI WATER HEATERS","Torus Outdoor Series","WB1250X",,,"1,250","96.3","10","Multi-stage","Outdoor","2023 Oct 12 12:00:00 AM","2023 Dec 13 12:00:00 AM","United States, Canada","ES_1083631_WB1250X_10122023115035_5450431"
"2853427","Mestek, Inc.","RBI WATER HEATERS","Torus Outdoor Series","WB0350X",,,"349","96.7","8","Multi-stage","Outdoor","2023 Oct 12 12:00:00 AM","2023 Dec 13 12:00:00 AM","United States, Canada","ES_1083631_WB0350X_10122023115047_1054781"
"2853428","Mestek, Inc.","RBI WATER HEATERS","Torus Indoor Series","WB0300",,,"300","97","7","Multi-stage","Indoor","2023 Oct 12 12:00:00 AM","2023 Dec 13 12:00:00 AM","United States, Canada","ES_1083631_WB0300_10122023115044_47500"
"4615194","Mestek, Inc.","RBI WATER HEATERS","Torus Outdoor WB1501X","WB1501X",,,"1,500","98","10","Multi-stage","Outdoor","2026 Mar 16 12:00:00 AM","2026 May 21 12:00:00 AM","United States, Canada","ES_1083631_WB1501X_03142026010058_10218325282"
"4615195","Mestek, Inc.","RBI WATER HEATERS","Torus Indoor WB1501","WB1501",,,"1,500","98","10","Multi-stage","Indoor","2026 Mar 16 12:00:00 AM","2026 May 21 12:00:00 AM","United States, Canada","ES_1083631_WB1501_03142026010058_10218325281"
"4615196","Mestek, Inc.","RBI WATER HEATERS","Torus Outdoor WB1251X","WB1251X",,,"1,250","98.1","10","Multi-stage","Outdoor","2026 Mar 16 12:00:00 AM","2026 May 21 12:00:00 AM","United States, Canada","ES_1083631_WB1251X_03142026010058_10218325280"
"4615197","Mestek, Inc.","RBI WATER HEATERS","Torus Indoor WB1251","WB1251",,,"1,250","98.4","10","Multi-stage","Indoor","2026 Mar 16 12:00:00 AM","2026 May 21 12:00:00 AM","United States, Canada","ES_1083631_WB1251_03142026010058_10218325279"
"4615198","Mestek, Inc.","RBI WATER HEATERS","Torus Outdoor WB2001X","WB2001X",,,"1,999","98.3","10","Multi-stage","Outdoor","2026 Mar 16 12:00:00 AM","2026 May 21 12:00:00 AM","United States, Canada","ES_1083631_WB2001X_03252026010035_10218333732"
"4615199","Mestek, Inc.","RBI WATER HEATERS","Torus Indoor WB2001","WB2001",,,"1,999","98.4","10","Multi-stage","Indoor","2026 Mar 16 12:00:00 AM","2026 May 21 12:00:00 AM","United States, Canada","ES_1083631_WB2001_03252026010035_10218333731"
"4615200","Mestek, Inc.","RBI WATER HEATERS","Torus Outdoor WB1751X","WB1751X",,,"1,750","98.7","10","Multi-stage","Outdoor","2026 Mar 16 12:00:00 AM","2026 May 21 12:00:00 AM","United States, Canada","ES_1083631_WB1751X_03252026010035_10218333730"
"4615201","Mestek, Inc.","RBI WATER HEATERS","Torus Indoor WB1751","WB1751",,,"1,750","98.7","10","Multi-stage","Indoor","2026 Mar 16 12:00:00 AM","2026 May 21 12:00:00 AM","United States, Canada","ES_1083631_WB1751_03252026010035_10218333729"
"4682293","Mestek, Inc.","Hamilton Engineering","Torus Outdoor WB2001X","HTH 02001 AX",,,"1,999","98.3","10","Multi-stage","Outdoor","2026 Mar 16 12:00:00 AM","2026 Aug 04 12:00:00 AM","United States, Canada","ES_1083631_HTH 02001 AX_07212026010147_10218687551"
"4682294","Mestek, Inc.","Hamilton Engineering","Torus Outdoor WB1751X","HTH 01751 AX",,,"1,750","98.7","10","Multi-stage","Outdoor","2026 Mar 16 12:00:00 AM","2026 Aug 04 12:00:00 AM","United States, Canada","ES_1083631_HTH 01751 AX_07212026010147_10218687550"
"4682295","Mestek, Inc.","Hamilton Engineering","Torus Outdoor WB1501X","HTH 01501 AX",,,"1,500","98","10","Multi-stage","Outdoor","2026 Mar 16 12:00:00 AM","2026 Aug 04 12:00:00 AM","United States, Canada","ES_1083631_HTH 01501 AX_07212026010147_10218687549"
"4682296","Mestek, Inc.","Hamilton Engineering","Torus Outdoor WB1251X","HTH 01251 AX",,,"1,250","98.1","10","Multi-stage","Outdoor","2026 Mar 16 12:00:00 AM","2026 Aug 04 12:00:00 AM","United States, Canada","ES_1083631_HTH 01251 AX_07212026010147_10218687548"
"4682297","Mestek, Inc.","Hamilton Engineering","Torus Outdoor Series","HTH 01000 AX",,,"999","96","10","Multi-stage","Outdoor","2023 Oct 12 12:00:00 AM","2026 Aug 04 12:00:00 AM","United States, Canada","ES_1083631_HTH 01000 AX_07212026010147_10218687547"
"4682298","Mestek, Inc.","Hamilton Engineering","Torus Outdoor Series","HTH 00800 AX",,,"800","96.1","10","Multi-stage","Outdoor","2023 Oct 12 12:00:00 AM","2026 Aug 04 12:00:00 AM","United States, Canada","ES_1083631_HTH 00800 AX_07212026010147_10218687546"
"4682299","Mestek, Inc.","Hamilton Engineering","Torus Outdoor Series","HTH 00650 AX",,,"650","96.3","10","Multi-stage","Outdoor","2023 Oct 12 12:00:00 AM","2026 Aug 04 12:00:00 AM","United States, Canada","ES_1083631_HTH 00650 AX_07212026010147_10218687545"
"4682300","Mestek, Inc.","Hamilton Engineering","Torus Outdoor Series","HTH 00500 AX",,,"500","96.4","10","Multi-stage","Outdoor","2023 Oct 12 12:00:00 AM","2026 Aug 04 12:00:00 AM","United States, Canada","ES_1083631_HTH 00500 AX_07212026010147_10218687544"
"4682301","Mestek, Inc.","Hamilton Engineering","Torus Outdoor Series","HTH 00400 AX",,,"399","96.5","10","Multi-stage","Outdoor","2023 Oct 12 12:00:00 AM","2026 Aug 04 12:00:00 AM","United States, Canada","ES_1083631_HTH 00400 AX_07212026010147_10218687543"
"4682302","Mestek, Inc.","Hamilton Engineering","Torus Outdoor Series","HTH 00350 AX",,,"349","96.7","8","Multi-stage","Outdoor","2023 Oct 12 12:00:00 AM","2026 Aug 04 12:00:00 AM","United States, Canada","ES_1083631_HTH 00350 AX_07212026010147_10218687542"
"4682303","Mestek, Inc.","Hamilton Engineering","Torus Outdoor Series","HTH 00300 AX",,,"300","97","7","Multi-stage","Outdoor","2023 Oct 12 12:00:00 AM","2026 Aug 04 12:00:00 AM","United States, Canada","ES_1083631_HTH 00300 AX_07212026010147_10218687541"
"4682304","Mestek, Inc.","Hamilton Engineering","Torus Indoor WB2001","HTH 02001 A",,,"1,999","98.4","10","Multi-stage","Indoor","2026 Mar 16 12:00:00 AM","2026 Aug 04 12:00:00 AM","United States, Canada","ES_1083631_HTH 02001 A_07212026010147_10218687540"
"4682305","Mestek, Inc.","Hamilton Engineering","Torus Indoor WB1751","HTH 01751 A",,,"1,750","98.7","10","Multi-stage","Indoor","2026 Mar 16 12:00:00 AM","2026 Aug 04 12:00:00 AM","United States, Canada","ES_1083631_HTH 01751 A_07212026010147_10218687539"
"4682306","Mestek, Inc.","Hamilton Engineering","Torus Indoor WB1501","HTH 01501 A",,,"1,500","98","10","Multi-stage","Indoor","2026 Mar 16 12:00:00 AM","2026 Aug 04 12:00:00 AM","United States, Canada","ES_1083631_HTH 01501 A_07212026010147_10218687538"
"4682307","Mestek, Inc.","Hamilton Engineering","Torus Indoor WB1251","HTH 01251 A",,,"1,250","98.4","10","Multi-stage","Indoor","2026 Mar 16 12:00:00 AM","2026 Aug 04 12:00:00 AM","United States, Canada","ES_1083631_HTH 01251 A_07212026010147_10218687537"
"4682308","Mestek, Inc.","Hamilton Engineering","Torus Indoor Series","HTH 01000 A",,,"999","96","10","Multi-stage","Indoor","2023 Oct 12 12:00:00 AM","2026 Aug 04 12:00:00 AM","United States, Canada","ES_1083631_HTH 01000 A_07212026010147_10218687536"
"4682309","Mestek, Inc.","Hamilton Engineering","Torus Indoor Series","HTH 00800 A",,,"800","96.1","10","Multi-stage","Indoor","2023 Oct 12 12:00:00 AM","2026 Aug 04 12:00:00 AM","United States, Canada","ES_1083631_HTH 00800 A_07212026010147_10218687535"
"4682310","Mestek, Inc.","Hamilton Engineering","Torus Indoor Series","HTH 00650 A",,,"650","96.3","10","Multi-stage","Indoor","2023 Oct 12 12:00:00 AM","2026 Aug 04 12:00:00 AM","United States, Canada","ES_1083631_HTH 00650 A_07212026010147_10218687534"
"4682311","Mestek, Inc.","Hamilton Engineering","Torus Indoor Series","HTH 00500 A",,,"500","96.4","10","Multi-stage","Indoor","2023 Oct 12 12:00:00 AM","2026 Aug 04 12:00:00 AM","United States, Canada","ES_1083631_HTH 00500 A_07212026010147_10218687533"
"4682312","Mestek, Inc.","Hamilton Engineering","Torus Indoor Series","HTH 00400 A",,,"399","96.5","10","Multi-stage","Indoor","2023 Oct 12 12:00:00 AM","2026 Aug 04 12:00:00 AM","United States, Canada","ES_1083631_HTH 00400 A_07212026010147_10218687532"
"4682313","Mestek, Inc.","Hamilton Engineering","Torus Indoor Series","HTH 00350 A",,,"349","96.7","8","Multi-stage","Indoor","2023 Oct 12 12:00:00 AM","2026 Aug 04 12:00:00 AM","United States, Canada","ES_1083631_HTH 00350 A_07212026010147_10218687531"
"4682314","Mestek, Inc.","Hamilton Engineering","Torus Indoor Series","HTH 00300 A",,,"300","97","7","Multi-stage","Indoor","2023 Oct 12 12:00:00 AM","2026 Aug 04 12:00:00 AM","United States, Canada","ES_1083631_HTH 00300 A_07212026010147_10218687530"
"2347307","Navien, Inc.","Navien","NFB-301C","NFB-301C",,,"301","97.5","15","Multi-stage","Indoor","2018 Aug 01 12:00:00 AM","2021 Nov 09 12:00:00 AM","United States, Canada","ES_1074959_NFB-301C_09272019152554_1426189"
"2347308","Navien, Inc.","Navien","NFB-399C","NFB-399C",,,"399","97.5","15","Multi-stage","Indoor","2018 Aug 01 12:00:00 AM","2021 Nov 09 12:00:00 AM","United States, Canada","ES_1074959_NFB-399C_09272019152602_0781361"
"4439414","Navien, Inc.","Navien","NFB700-1000C","NFB700-1000C",,,"999","97.5","15","Multi-stage","Indoor","2025 Aug 01 12:00:00 AM","2025 Jun 26 12:00:00 AM","United States, Canada","ES_1074959_NFB700-1000C_06252025003356_10217547747"
"4439415","Navien, Inc.","Navien","NFB700-600C","NFB700-600C",,,"599","97.5","14","Multi-stage","Indoor","2025 Aug 01 12:00:00 AM","2025 Jun 26 12:00:00 AM","United States, Canada","ES_1074959_NFB700-600C_06252025003356_10217547745"
"4439416","Navien, Inc.","Navien","NFB700-500C","NFB700-500C",,,"499","97.5","12","Multi-stage","Indoor","2025 Aug 01 12:00:00 AM","2025 Jun 26 12:00:00 AM","United States, Canada","ES_1074959_NFB700-500C_06252025003356_10217547744"
"4439417","Navien, Inc.","Navien","NFB700-800C","NFB700-800C",,,"799","97.5","12","Multi-stage","Indoor","2025 Aug 01 12:00:00 AM","2025 Jun 26 12:00:00 AM","United States, Canada","ES_1074959_NFB700-800C_06252025003356_10217547746"
"2318288","NY Thermal Inc.","Trinity","NTI","TFT399",,,"399","95.4","10","Multi-stage","Indoor","2011 Nov 22 12:00:00 AM","2021 Nov 08 12:00:00 AM","United States, Canada","ES_1016238_TFT399_04102018180039_3300444"
"2318289","NY Thermal Inc.","NTI","NTI","TFT340",,,"340","95.4","8","Multi-stage","Indoor","2016 Jul 13 12:00:00 AM","2021 Nov 08 12:00:00 AM","United States, Canada","ES_1016238_TFT340_04102018180041_6430363"
"2318290","NY Thermal Inc.","Trinity","NTI","TFT340",,,"340","95.4","8","Multi-stage","Indoor","2016 Jul 13 12:00:00 AM","2021 Nov 08 12:00:00 AM","United States, Canada","ES_1016238_TFT340_04102018180043_8272743"
"2318294","NY Thermal Inc.","NTI","NTI","FTG 1200",,,"1,200","96.1","10","Multi-stage","Indoor","2017 Aug 15 12:00:00 AM","2021 Nov 08 12:00:00 AM","United States, Canada","ES_1016238_FTG 1200_04102018180054_4901510"
"2318295","NY Thermal Inc.","NTI","NTI","FTG 1400",,,"1,400","96","10","Multi-stage","Indoor","2017 Aug 15 12:00:00 AM","2021 Nov 08 12:00:00 AM","United States, Canada","ES_1016238_FTG 1400_04102018180057_7300297"
"2318296","NY Thermal Inc.","NTI","NTI","FTG 2000",,,"2,000","96","8","Multi-stage","Indoor","2017 Aug 15 12:00:00 AM","2021 Nov 08 12:00:00 AM","United States, Canada","ES_1016238_FTG 2000_04102018180059_6318779"
"2318297","NY Thermal Inc.","NTI","NTI","FTG 2200",,,"2,200","95.6","9","Multi-stage","Indoor","2017 Aug 15 12:00:00 AM","2021 Nov 08 12:00:00 AM","United States, Canada","ES_1016238_FTG 2200_04102018180102_5685924"
"2318298","NY Thermal Inc.","NTI","NTI","FTG 2400",,,"2,350","95.2","10","Multi-stage","Indoor","2017 Aug 15 12:00:00 AM","2021 Nov 08 12:00:00 AM","United States, Canada","ES_1016238_FTG 2400_04102018180104_5020049"
"2318299","NY Thermal Inc.","Trinity","NTI","LX600",,,"600","94","10","Multi-stage","Indoor","2010 Sep 03 12:00:00 AM","2021 Nov 08 12:00:00 AM","United States, Canada","ES_1016238_LX600_04102018180142_5734189"
"2318300","NY Thermal Inc.","NTI","NTI","LX400",,,"399","94","5","Multi-stage","Indoor","2008 Jan 12 12:00:00 AM","2021 Nov 08 12:00:00 AM","United States, Canada","ES_1016238_LX400_04102018180145_0084825"
"2318301","NY Thermal Inc.","Trinity","NTI","LX400",,,"399","94","5","Multi-stage","Indoor","2008 Jan 12 12:00:00 AM","2021 Nov 08 12:00:00 AM","United States, Canada","ES_1016238_LX400_04102018180147_8023510"
"2318302","NY Thermal Inc.","NTI","NTI","LX500",,,"500","94","10","Multi-stage","Indoor","2010 Sep 03 12:00:00 AM","2021 Nov 08 12:00:00 AM","United States, Canada","ES_1016238_LX500_04102018180150_0455318"
"2318303","NY Thermal Inc.","Trinity","NTI","LX500",,,"500","94","10","Multi-stage","Indoor","2010 Sep 03 12:00:00 AM","2021 Nov 08 12:00:00 AM","United States, Canada","ES_1016238_LX500_04102018180152_7281188"
"2318304","NY Thermal Inc.","NTI","NTI","LX800",,,"800","94","10","Multi-stage","Indoor","2010 Sep 03 12:00:00 AM","2021 Nov 08 12:00:00 AM","United States, Canada","ES_1016238_LX800_04102018180154_1839567"
"2318305","NY Thermal Inc.","Trinity","NTI","LX800",,,"800","94","10","Multi-stage","Indoor","2010 Sep 03 12:00:00 AM","2021 Nov 08 12:00:00 AM","United States, Canada","ES_1016238_LX800_04102018180156_4761743"
"2407767","NY Thermal Inc.","NTI","TFTN","TFTN340",,,"340","95.4","8","Multi-stage","Indoor","2022 Jun 01 12:00:00 AM","2023 Feb 01 12:00:00 AM","United States, Canada","ES_1016238_TFTN340_04062022015038_4079125"
"2407768","NY Thermal Inc.","NTI","TFTN","TFTN399",,,"399","95.4","10","Multi-stage","Indoor","2022 Jun 01 12:00:00 AM","2023 Feb 01 12:00:00 AM","United States, Canada","ES_1016238_TFTN399_04062022014953_9524673"
"2407769","NY Thermal Inc.","NTI","NTI","TFT399",,,"399","95.4","10","Multi-stage","Indoor","2011 Nov 22 12:00:00 AM","2023 Feb 01 12:00:00 AM","United States, Canada","ES_1016238_TFT399_03162020181510_235552"
"2407770","NY Thermal Inc.","NTI","NTI","LX600",,,"600","94","10","Multi-stage","Indoor","2010 Sep 03 12:00:00 AM","2023 Feb 01 12:00:00 AM","United States, Canada","ES_1016238_LX600_03162020181510_322569"
"2682266","NY Thermal Inc.","NTI","TFTN","TFTN500",,,"500","97.7","10","Multi-stage","Indoor","2023 Jan 01 12:00:00 AM","2023 Oct 12 12:00:00 AM","United States, Canada","ES_1016238_TFTN500_11192022003701_5666595"
"2682268","NY Thermal Inc.","NTI","TFTN","TFTN725",,,"725","97.2","10","Multi-stage","Indoor","2023 Jan 01 12:00:00 AM","2023 Oct 12 12:00:00 AM","United States, Canada","ES_1016238_TFTN725_11192022003703_6066985"
"2682271","NY Thermal Inc.","NTI","TFTN","TFTN850",,,"850","97","10","Multi-stage","Indoor","2023 Jan 01 12:00:00 AM","2023 Oct 12 12:00:00 AM","United States, Canada","ES_1016238_TFTN850_11192022003704_3836705"
"2682272","NY Thermal Inc.","NTI","TFTN","TFTN600",,,"600","97.5","10","Multi-stage","Indoor","2023 Jan 01 12:00:00 AM","2023 Oct 12 12:00:00 AM","United States, Canada","ES_1016238_TFTN600_11192022003702_1177320"
"3554337","NY Thermal Inc.","HTP","ELITE FIRETUBE","EFW-399WBN",,,"399","95.4","10","Multi-stage","Indoor","2023 Jul 07 12:00:00 AM","2024 Jul 16 12:00:00 AM","United States","ES_1016238_EFW-399WBN_01092024223906_4305961"
"3554338","NY Thermal Inc.","HTP","ELITE FIRETUBE","EFW-340WBN",,,"340","95.4","8","Multi-stage","Indoor","2023 Jul 07 12:00:00 AM","2024 Jul 16 12:00:00 AM","United States","ES_1016238_EFW-340WBN_01092024223907_6749630"
"2366307","P. B. Heat, LLC","Peerless","PureFire","PFC-1500-LP",,,"1,500","96.5","10","Multi-stage","Indoor","2020 Sep 09 12:00:00 AM","2021 Nov 09 12:00:00 AM","United States, Canada","ES_1115867_PFC-1500-LP_09252020114827_4634436"
"2367252","P. B. Heat, LLC","Peerless","PureFire","PFC-1000-LP",,,"1,000","96.6","10","Multi-stage","Indoor","2020 Sep 09 12:00:00 AM","2021 Nov 09 12:00:00 AM","United States, Canada","ES_1115867_PFC-1000-LP_09252020114826_6747725"
"2367253","P. B. Heat, LLC","Peerless","PureFire","PFC-1500-NAT",,,"1,500","96.5","10","Multi-stage","Indoor","2020 Sep 09 12:00:00 AM","2021 Nov 09 12:00:00 AM","United States, Canada","ES_1115867_PFC-1500-NAT_09252020114825_8110598"
"2367254","P. B. Heat, LLC","Peerless","PureFire","PFC-1000-NAT",,,"1,000","96.6","10","Multi-stage","Indoor","2020 Sep 09 12:00:00 AM","2021 Nov 09 12:00:00 AM","United States, Canada","ES_1115867_PFC-1000-NAT_09252020114826_8862926"
"2367255","P. B. Heat, LLC","Peerless","PureFire","PF-399 NAT",,,"399","95.2","5","Multi-stage","Indoor","2020 Sep 09 12:00:00 AM","2021 Nov 09 12:00:00 AM","United States, Canada","ES_1115867_PF-399 NAT_09252020114824_6599442"
"2367256","P. B. Heat, LLC","Peerless","PureFire","PF-399 LP",,,"399","95.2","5","Multi-stage","Indoor","2020 Sep 09 12:00:00 AM","2021 Nov 09 12:00:00 AM","United States, Canada","ES_1115867_PF-399 LP_09252020114822_9076585"
"2380534","P. B. Heat, LLC","Peerless","PureFire","PFC-460-LP",,,"460","95.2","5","Multi-stage","Indoor","2015 Jun 01 12:00:00 AM","2021 Nov 09 12:00:00 AM","United States, Canada","ES_1115867_PFC-460-LP_06032021135518_4261997"
"2380535","P. B. Heat, LLC","Peerless","PureFire","PFC-460-NAT",,,"460","95.2","5","Multi-stage","Indoor","2015 Jun 01 12:00:00 AM","2021 Nov 09 12:00:00 AM","United States, Canada","ES_1115867_PFC-460-NAT_06032021135517_8854117"
"2380536","P. B. Heat, LLC","Peerless","PureFire","PFC-850-LP",,,"850","96.2","10","Multi-stage","Indoor","2020 Sep 09 12:00:00 AM","2021 Nov 09 12:00:00 AM","United States, Canada","ES_1115867_PFC-850-LP_06012021092117_5528836"
"2380537","P. B. Heat, LLC","Peerless","PureFire","PFC-850-NAT",,,"850","96.2","10","Multi-stage","Indoor","2020 Sep 09 12:00:00 AM","2021 Nov 09 12:00:00 AM","United States, Canada","ES_1115867_PFC-850-NAT_06012021092117_1845546"
"2380538","P. B. Heat, LLC","Peerless","PureFire","PFC-750-LP",,,"750","98","5","Multi-stage","Indoor","2021 May 01 12:00:00 AM","2021 Nov 09 12:00:00 AM","United States, Canada","ES_19344_PFC-750-LP_03012021013201_3769004"
"2380539","P. B. Heat, LLC","Peerless","PureFire","PFC-750-N",,,"750","98","5","Multi-stage","Indoor","2021 May 01 12:00:00 AM","2021 Nov 09 12:00:00 AM","United States, Canada","ES_19344_PFC-750-N_03012021013158_2396061"
"2380540","P. B. Heat, LLC","Peerless","PureFire","PFC-625-N",,,"625","97.9","5","Multi-stage","Indoor","2021 May 01 12:00:00 AM","2021 Nov 09 12:00:00 AM","United States, Canada","ES_19344_PFC-625-N_03012021013157_8619036"
"2380541","P. B. Heat, LLC","Peerless","PureFire","PFC-625-LP",,,"625","97.9","5","Multi-stage","Indoor","2021 May 01 12:00:00 AM","2021 Nov 09 12:00:00 AM","United States, Canada","ES_19344_PFC-625-LP_03012021013157_8663285"
"2348949","Raypak Inc.","Raypak","XFIIRE","H7-400B*",,,"399","96","7","Multi-stage","Indoor","2019 Aug 29 12:00:00 AM","2021 Nov 08 12:00:00 AM","United States","ES_1088187_H7-400B*_10242019134217_9315645"
"2348950","Raypak Inc.","Raypak","XFIIRE","H7-500B*",,,"500","96","6","Multi-stage","Indoor","2019 Aug 29 12:00:00 AM","2021 Nov 08 12:00:00 AM","United States, Canada","ES_1088187_H7-500B*_10242019134223_4320182"
"2348951","Raypak Inc.","Raypak","XFIIRE","H7-650B*",,,"650","96","7","Multi-stage","Indoor","2019 Aug 29 12:00:00 AM","2021 Nov 08 12:00:00 AM","United States, Canada","ES_1088187_H7-650B*_10242019134227_7515357"
"2348952","Raypak Inc.","Raypak","XFIIRE","H7-800B*",,,"800","96","6","Multi-stage","Indoor","2019 Aug 29 12:00:00 AM","2023 Sep 01 12:00:00 AM","United States, Canada","ES_1088187_H7-800B*_10242019134231_7471147"
"2348958","Raypak Inc.","Raypak","XFIIRE","H7-300B*",,,"300","96.5","7","Multi-stage","Indoor","2019 Aug 29 12:00:00 AM","2023 Sep 01 12:00:00 AM","United States, Canada","ES_1088187_H7-300B*_10242019134238_8571205"
"2354502","Raypak Inc.","Raypak","XVers L","H7-726L*",,,"725","97.3","6","Multi-stage","Indoor","2019 Sep 12 12:00:00 AM","2021 Nov 08 12:00:00 AM","United States, Canada","ES_1088187_H7-726L*_02062020183816_1699660"
"2354503","Raypak Inc.","Raypak","XVers L","H7-856L*",,,"850","97.2","7","Multi-stage","Indoor","2019 Sep 12 12:00:00 AM","2021 Nov 08 12:00:00 AM","United States, Canada","ES_1088187_H7-856L*_02062020183828_9705720"
"2354507","Raypak Inc.","Raypak","XVers L","H7-406L*",,,"399","98","9","Multi-stage","Indoor","2019 Sep 12 12:00:00 AM","2021 Nov 08 12:00:00 AM","United States, Canada","ES_1088187_H7-406L*_02062020185817_8676296"
"2354508","Raypak Inc.","Raypak","XVers L","H7-506L*",,,"500","97.8","10","Multi-stage","Indoor","2019 Sep 12 12:00:00 AM","2021 Nov 08 12:00:00 AM","United States, Canada","ES_1088187_H7-506L*_02062020185820_8927466"
"2354509","Raypak Inc.","Raypak","XVers L","H7-606L*",,,"600","97.6","7","Multi-stage","Indoor","2019 Sep 12 12:00:00 AM","2021 Nov 08 12:00:00 AM","United States, Canada","ES_1088187_H7-606L*_02062020185823_8273565"
"2356820","Raypak Inc.","Raypak","XFIIRE","H7-1000B*",,,"1,000","96","7","Multi-stage","Indoor","2019 Aug 29 12:00:00 AM","2021 Nov 08 12:00:00 AM","United States, Canada","ES_1088187_H7-1000B*_03162020181510_261028"
"2369075","Raypak Inc.","IBC Technologies","IFIRE 1000B","IBGWSF1-1000*",,,"1,000","96","11","Multi-stage","Indoor","2021 May 01 12:00:00 AM","2020 Nov 04 12:00:00 AM","United States, Canada","ES_1088187_IBGWSF1-1000*_10282020013728_1162109"
"2369076","Raypak Inc.","IBC Technologies","IFIRE 800B","IBGWSF1-0800*",,,"800","96","11","Multi-stage","Indoor","2021 May 01 12:00:00 AM","2020 Nov 04 12:00:00 AM","United States, Canada","ES_1088187_IBGWSF1-0800*_10282020013728_5027229"
"2369077","Raypak Inc.","IBC Technologies","IFIRE 650B","IBGWSF1-0650*",,,"650","96","11","Multi-stage","Indoor","2021 May 01 12:00:00 AM","2020 Nov 04 12:00:00 AM","United States, Canada","ES_1088187_IBGWSF1-0650*_10282020013728_4695156"
"2369078","Raypak Inc.","IBC Technologies","IFIRE 500B","IBGWSF1-0500*",,,"500","96","11","Multi-stage","Indoor","2021 May 01 12:00:00 AM","2020 Nov 04 12:00:00 AM","United States, Canada","ES_1088187_IBGWSF1-0500*_10282020013728_3461630"
"2369079","Raypak Inc.","IBC Technologies","IFIRE 300B","IBGWSF1-0300*",,,"300","96.5","11","Multi-stage","Indoor","2021 May 01 12:00:00 AM","2020 Nov 04 12:00:00 AM","United States, Canada","ES_1088187_IBGWSF1-0300*_10282020013728_4976155"
"2369080","Raypak Inc.","IBC Technologies","IFIRE 400B","IBGWSF1-0400*",,,"399","96","11","Multi-stage","Indoor","2021 May 01 12:00:00 AM","2020 Nov 04 12:00:00 AM","United States, Canada","ES_1088187_IBGWSF1-0400*_10282020013728_222504"
"2380256","Raypak Inc.","Raypak","XVERS w/ KOR","H7-1507*",,,"1,500","95.1","15","Multi-stage","Indoor","2021 Sep 05 12:00:00 AM","2021 Nov 09 12:00:00 AM","United States, Canada","ES_1088187_H7-1507*_05182021174618_9331994"
"2380257","Raypak Inc.","Raypak","XVERS w/ KOR","H7-2007*",,,"1,999","95.2","9","Multi-stage","Indoor","2021 Sep 05 12:00:00 AM","2021 Nov 09 12:00:00 AM","United States, Canada","ES_1088187_H7-2007*_05182021174618_6243418"
"2380267","Raypak Inc.","Raypak","XVERS w/ KOR","H7-2507*",,,"2,499","95","8","Multi-stage","Indoor","2021 Sep 05 12:00:00 AM","2021 Nov 09 12:00:00 AM","United States, Canada","ES_1088187_H7-2507*_05182021174617_6805638"
"2380268","Raypak Inc.","Raypak","XVERS w/ KOR","H7-1257*",,,"1,250","95.7","12","Multi-stage","Indoor","2021 Sep 05 12:00:00 AM","2021 Nov 09 12:00:00 AM","United States, Canada","ES_1088187_H7-1257*_05182021142129_8237518"
"2380269","Raypak Inc.","Raypak","XVERS w/ KOR","H7-1007*",,,"999","95.3","9","Multi-stage","Indoor","2021 Sep 05 12:00:00 AM","2021 Nov 09 12:00:00 AM","United States, Canada","ES_1088187_H7-1007*_05182021142128_3765770"
"3388102","Riello Canada Inc.","RIELLO","STEEL PRO","STEEL PRO 150",,,"512","96.1","10","Multi-stage","Indoor","2023 Jan 01 12:00:00 AM","2024 Feb 01 12:00:00 AM","United States, Canada","ES_1141772_STEEL PRO 150_09142023124133_5245460"
"3388103","Riello Canada Inc.","RIELLO","STEEL PRO","STEEL PRO 115",,,"399","96","9","Multi-stage","Indoor","2023 Jan 01 12:00:00 AM","2024 Feb 01 12:00:00 AM","United States, Canada","ES_1141772_STEEL PRO 115_09142023124135_9895969"
"3417682","Riello Canada Inc.","RIELLO","STEEL PRO","STEEL PRO 300",,,"1,024","96.1","10","Multi-stage","Indoor","2023 Jan 01 12:00:00 AM","2024 Mar 01 12:00:00 AM","United States, Canada","ES_1141772_STEEL PRO 300_09142023122034_2216425"
"3417683","Riello Canada Inc.","RIELLO","STEEL PRO","STEEL PRO 300 TL",,,"1,024","96.1","10","Multi-stage","Indoor","2023 Jan 01 12:00:00 AM","2024 Mar 01 12:00:00 AM","United States, Canada","ES_1141772_STEEL PRO 300 TL_09142023122037_6065895"
"3417684","Riello Canada Inc.","RIELLO","STEEL PRO","STEEL PRO 240",,,"798","96","10","Multi-stage","Indoor","2023 Jan 01 12:00:00 AM","2024 Mar 01 12:00:00 AM","United States, Canada","ES_1141772_STEEL PRO 240_09142023123834_2437083"
"3554334","Riello Canada Inc.","Bosch","SSB 800","SSB 800",,,"798","96","10","Multi-stage","Indoor","2023 Jan 01 12:00:00 AM","2024 Jul 16 12:00:00 AM","United States, Canada","ES_1141772_SSB 800_09142023124334_4881775"
"3554335","Riello Canada Inc.","Bosch","SSB 1000","SSB 1000",,,"1,024","96.1","10","Multi-stage","Indoor","2023 Jan 01 12:00:00 AM","2024 Jul 16 12:00:00 AM","United States, Canada","ES_1141772_SSB 1000_09142023124336_8021359"
"3554336","Riello Canada Inc.","Bosch","SSB 1000 TL","SSB 1000 TL",,,"1,024","96.1","10","Multi-stage","Indoor","2023 Jan 01 12:00:00 AM","2024 Jul 16 12:00:00 AM","United States, Canada","ES_1141772_SSB 1000 TL_09142023124337_5661280"
"3398287","Rinnai America Corporation","Rinnai","RCB399AN","RCB399AN",,,"399","97","10","Multi-stage","Indoor","2023 Dec 08 12:00:00 AM","2024 Feb 07 12:00:00 AM","United States, Canada","ES_97439_RCB399AN_01082024045553_3471499"
"3398288","Rinnai America Corporation","Rinnai","RCB301AN","RCB301AN",,,"301","97","10","Multi-stage","Indoor","2023 Dec 08 12:00:00 AM","2024 Feb 07 12:00:00 AM","United States, Canada","ES_97439_RCB301AN_01082024045553_6602421"
"3619538","Rinnai America Corporation","Rinnai","RCB1000AN","RCB1000AN",,,"999","98","10","Multi-stage","Indoor","2024 Nov 01 12:00:00 AM","2024 Aug 12 12:00:00 AM","United States, Canada","ES_97439_RCB1000AN_07022024015016_604802"
"3619539","Rinnai America Corporation","Rinnai","RCB500AN","RCB500AN",,,"500","97","10","Multi-stage","Indoor","2024 Nov 01 12:00:00 AM","2024 Aug 12 12:00:00 AM","United States, Canada","ES_97439_RCB500AN_07022024015017_8583774"
"3619540","Rinnai America Corporation","Rinnai","RCB750AN","RCB750AN",,,"750","97.5","10","Multi-stage","Indoor","2024 Nov 01 12:00:00 AM","2024 Aug 12 12:00:00 AM","United States, Canada","ES_97439_RCB750AN_07022024015017_7905134"
"2318291","The Marley Company","Weil-McLain","Evergreen","EVG 399",,,"399","96","10","Multi-stage","Indoor","2015 Nov 13 12:00:00 AM","2021 Nov 08 12:00:00 AM","United States, Canada","ES_22947_EVG 399_04102018180046_1053216"
"2340803","The Marley Company","Weil-McLain","SVF 1500","SVF 1500",,,"1,500","96.5","10","Multi-stage","Indoor","2019 Jun 25 12:00:00 AM","2021 Nov 08 12:00:00 AM","United States, Canada","ES_22947_SVF 1500_07032019194119_2647842"
"2340804","The Marley Company","Weil-McLain","SVF 2000","SVF 2000",,,"1,999","96.2","10","Multi-stage","Indoor","2019 Jun 25 12:00:00 AM","2021 Nov 08 12:00:00 AM","United States, Canada","ES_22947_SVF 2000_07032019194128_2766382"
"2340805","The Marley Company","Weil-McLain","SVF 2500","SVF 2500",,,"2,499","96.8","10","Multi-stage","Indoor","2019 Jun 25 12:00:00 AM","2023 Sep 01 12:00:00 AM","United States, Canada","ES_22947_SVF 2500_07032019194133_5786834"
"2408955","The Marley Company","Weil-McLain","SVF 850","SVF 850",,,"850","97.5","11","Multi-stage","Indoor","2022 Jul 15 12:00:00 AM","2023 Feb 24 12:00:00 AM","United States, Canada","ES_22947_SVF 850_04272022003644_7361485"
"2408956","The Marley Company","Weil-McLain","SVF 725","SVF 725",,,"725","97.7","10","Multi-stage","Indoor","2022 Jul 15 12:00:00 AM","2023 Feb 24 12:00:00 AM","United States, Canada","ES_22947_SVF 725_04272022003637_5759021"
"2408957","The Marley Company","Weil-McLain","SVF 1000","SVF 1000",,,"1,000","96.5","10","Multi-stage","Indoor","2022 Jul 01 12:00:00 AM","2023 Feb 24 12:00:00 AM","United States, Canada","ES_22947_SVF 1000_04262022115517_6676822"
"2508190","The Marley Company","Weil-McLain","SVF 500","SVF 500",,,"500","98","10","Multi-stage","Indoor","2023 May 01 12:00:00 AM","2023 Jun 09 12:00:00 AM","United States, Canada","ES_22947_SVF 500_02072023003352_8792658"
"2508191","The Marley Company","Weil-McLain","SVF 600","SVF 600",,,"600","98","12","Multi-stage","Indoor","2023 May 01 12:00:00 AM","2023 Jun 09 12:00:00 AM","United States, Canada","ES_22947_SVF 600_02072023003355_916549"
"2732244","The Marley Company","Weil-McLain","SVF 1500 S2","SVF 1500 S2",,,"1,500","96","10","Multi-stage","Indoor","2023 Nov 01 12:00:00 AM","2023 Nov 03 12:00:00 AM","United States, Canada","ES_22947_SVF 1500 S2_10192023150935_5637376"
"2732245","The Marley Company","Weil-McLain","SVF 2000 S2","SVF 2000 S2",,,"2,000","96","10","Multi-stage","Indoor","2023 Nov 01 12:00:00 AM","2023 Nov 03 12:00:00 AM","United States, Canada","ES_22947_SVF 2000 S2_10192023150936_6966346"
"2732246","The Marley Company","Weil-McLain","SVF 2500 S2","SVF 2500 S2",,,"2,500","96","10","Multi-stage","Indoor","2023 Nov 01 12:00:00 AM","2023 Nov 03 12:00:00 AM","United States, Canada","ES_22947_SVF 2500 S2_10192023150938_5415972"
"4682290","The Marley Company","Weil-McLain","SF2000","SF2000",,,"2,000","95.3","6","Multi-stage","Indoor","2013 Jan 01 12:00:00 AM","2026 Aug 04 12:00:00 AM","United States, Canada","ES_22947_SF2000_07162026160004_106027372"
"4682291","The Marley Company","Weil-McLain","SF1500","SF1500",,,"1,500","95.8","6","Multi-stage","Indoor","2013 Jan 01 12:00:00 AM","2026 Aug 04 12:00:00 AM","United States, Canada","ES_22947_SF1500_07162026160004_106027371"
"4682292","The Marley Company","Weil-McLain","SF1000","SF1000",,,"1,000","95.8","5","Multi-stage","Indoor","2013 Jan 01 12:00:00 AM","2026 Aug 04 12:00:00 AM","United States, Canada","ES_22947_SF1000_07162026160004_106027370"
"2323373","Thermal Solutions Products LLC","THERMAL SOLUTIONS","Apex","APX525C",,,"500","97","5","Multi-stage","Indoor","2018 Jun 15 12:00:00 AM","2021 Nov 08 12:00:00 AM","United States, Canada","ES_1141425_APX525C_07302018144329_8967625"
"2323374","Thermal Solutions Products LLC","THERMAL SOLUTIONS","Apex","APX625C",,,"625","95","5","Multi-stage","Indoor","2018 Jun 15 12:00:00 AM","2021 Nov 08 12:00:00 AM","United States, Canada","ES_1141425_APX625C_07302018144331_5140378"
"2323375","Thermal Solutions Products LLC","THERMAL SOLUTIONS","Apex","APX725C",,,"725","95","5","Multi-stage","Indoor","2018 Jun 15 12:00:00 AM","2021 Nov 08 12:00:00 AM","United States, Canada","ES_1141425_APX725C_07302018144334_0233335"
"2323376","Thermal Solutions Products LLC","THERMAL SOLUTIONS","Apex","APX825C",,,"800","95","5","Multi-stage","Indoor","2018 Jun 15 12:00:00 AM","2021 Nov 08 12:00:00 AM","United States, Canada","ES_1141425_APX825C_07302018144336_3930852"
"2374391","Thermal Solutions Products LLC","THERMAL SOLUTIONS","Apex","APX425C",,,"399","94.1","5","Multi-stage","Indoor","2018 Jun 15 12:00:00 AM","2021 Nov 08 12:00:00 AM","United States, Canada","ES_1141425_APX425C_03162020181510_825025"
"2407080","Thermal Solutions Products LLC","THERMAL SOLUTIONS","AMP","AMP400",,,"400","97","10","Multi-stage","Indoor","2022 Sep 15 12:00:00 AM","2023 Jan 19 12:00:00 AM","United States, Canada","ES_1147067_AMP400_08042022004338_2275305"
"2407081","Thermal Solutions Products LLC","THERMAL SOLUTIONS","AMP","AMP1000L",,,"1,000","97","10","Multi-stage","Indoor","2022 Sep 15 12:00:00 AM","2023 Jan 19 12:00:00 AM","United States, Canada","ES_1147067_AMP1000L_08042022004339_8731723"
"2407082","Thermal Solutions Products LLC","THERMAL SOLUTIONS","AMP","AMP800",,,"800","97","10","Multi-stage","Indoor","2022 Sep 15 12:00:00 AM","2023 Jan 19 12:00:00 AM","United States, Canada","ES_1147067_AMP800_08042022004339_6476004"
"2407083","Thermal Solutions Products LLC","THERMAL SOLUTIONS","AMP","AMP500",,,"500","97","10","Multi-stage","Indoor","2022 Sep 15 12:00:00 AM","2023 Jan 19 12:00:00 AM","United States, Canada","ES_1147067_AMP500_08042022004338_6983148"
"2407084","Thermal Solutions Products LLC","THERMAL SOLUTIONS","AMP","AMP650",,,"650","97","10","Multi-stage","Indoor","2022 Sep 15 12:00:00 AM","2023 Jan 19 12:00:00 AM","United States, Canada","ES_1147067_AMP650_08042022004338_2236615"
"2407085","Thermal Solutions Products LLC","THERMAL SOLUTIONS","AMP","AMP2500",,,"2,500","97","5","Multi-stage","Indoor","2021 Jun 01 12:00:00 AM","2023 Jan 19 12:00:00 AM","United States, Canada","ES_1147067_AMP2500_06072022163337_8662405"
"2407086","Thermal Solutions Products LLC","THERMAL SOLUTIONS","AMP","AMP2000",,,"2,000","97","5","Multi-stage","Indoor","2021 Jun 01 12:00:00 AM","2023 Jan 19 12:00:00 AM","United States, Canada","ES_1147067_AMP2000_06072022163333_4497453"
"2407087","Thermal Solutions Products LLC","THERMAL SOLUTIONS","AMP","AMP1500",,,"1,500","97","5","Multi-stage","Indoor","2021 Jun 01 12:00:00 AM","2023 Jan 19 12:00:00 AM","United States, Canada","ES_1147067_AMP1500_06072022163332_9028356"
"2407088","Thermal Solutions Products LLC","THERMAL SOLUTIONS","AMP","AMP1250",,,"1,250","97","5","Multi-stage","Indoor","2021 Jun 01 12:00:00 AM","2023 Jan 19 12:00:00 AM","United States, Canada","ES_1147067_AMP1250_06072022163331_4216633"
"2407089","Thermal Solutions Products LLC","THERMAL SOLUTIONS","AMP","AMP1000",,,"1,000","97","5","Multi-stage","Indoor","2021 Jun 01 12:00:00 AM","2023 Jan 19 12:00:00 AM","United States, Canada","ES_1147067_AMP1000_06072022161726_1151859"
"2508176","Thermal Solutions Products LLC","Burnham by U.S. Boiler","Citadel","CTD650",,,"650","97","10","Multi-stage","Indoor","2023 Apr 24 12:00:00 AM","2026 Apr 27 12:00:00 AM","United States, Canada","ES_23449_CTD650_05112023171729_1283540"
"2508177","Thermal Solutions Products LLC","BRYAN STEAM","AMP","BFIT500",,,"500","97","10","Multi-stage","Indoor","2022 Sep 15 12:00:00 AM","2026 Apr 27 12:00:00 AM","United States, Canada","ES_1141425_BFIT500_03212023084715_8527997"
"2508178","Thermal Solutions Products LLC","Burnham by U.S. Boiler","Citadel","CTD1000L",,,"999","97","9","Multi-stage","Indoor","2023 Apr 24 12:00:00 AM","2026 Apr 27 12:00:00 AM","United States, Canada","ES_23449_CTD1000L_05112023171731_6703614"
"2508179","Thermal Solutions Products LLC","BRYAN STEAM","AMP","BFIT1000L",,,"999","97","9","Multi-stage","Indoor","2022 Sep 15 12:00:00 AM","2026 Apr 27 12:00:00 AM","United States, Canada","ES_1141425_BFIT1000L_03212023084715_7592889"
"2508180","Thermal Solutions Products LLC","BRYAN STEAM","AMP","BFIT800",,,"800","97","10","Multi-stage","Indoor","2022 Sep 15 12:00:00 AM","2026 Apr 27 12:00:00 AM","United States, Canada","ES_1141425_BFIT800_03212023084712_964404"
"2508182","Thermal Solutions Products LLC","BRYAN STEAM","AMP","BFIT400",,,"399","97","9","Multi-stage","Indoor","2022 Sep 15 12:00:00 AM","2026 Apr 27 12:00:00 AM","United States, Canada","ES_1141425_BFIT400_03212023084656_4258583"
"2508183","Thermal Solutions Products LLC","BRYAN STEAM","AMP","BFIT650",,,"650","97","10","Multi-stage","Indoor","2022 Sep 15 12:00:00 AM","2026 Apr 27 12:00:00 AM","United States, Canada","ES_1141425_BFIT650_03212023084712_8932510"
"2508185","Thermal Solutions Products LLC","Burnham by U.S. Boiler","Citadel","CTD500",,,"500","97","10","Multi-stage","Indoor","2023 Apr 24 12:00:00 AM","2026 Apr 27 12:00:00 AM","United States, Canada","ES_23449_CTD500_05112023171728_6019506"
"2508186","Thermal Solutions Products LLC","Burnham by U.S. Boiler","Citadel","CTD800",,,"800","97","10","Multi-stage","Indoor","2023 Apr 24 12:00:00 AM","2026 Apr 27 12:00:00 AM","United States, Canada","ES_23449_CTD800_05112023171730_9066463"
"2508187","Thermal Solutions Products LLC","Burnham by U.S. Boiler","Citadel","CTD400",,,"399","97","9","Multi-stage","Indoor","2023 Apr 24 12:00:00 AM","2026 Apr 27 12:00:00 AM","United States, Canada","ES_23449_CTD400_05112023171727_3118858"
"2508188","Thermal Solutions Products LLC","PB Heat","AMP","PFC-2000",,,"1,999","97","5","Multi-stage","Indoor","2021 Jun 01 12:00:00 AM","2024 Mar 01 12:00:00 AM","United States, Canada","ES_1141425_PFC-2000_06082023151823_8017147"
"2508189","Thermal Solutions Products LLC","PB Heat","AMP","PFC-2500",,,"2,500","97","5","Multi-stage","Indoor","2021 Jun 01 12:00:00 AM","2023 Jun 09 12:00:00 AM","United States, Canada","ES_1141425_PFC-2500_06082023151843_1948157"
"3554339","Thermal Solutions Products LLC","Velocity Boiler Works","AMP","PHX400",,,"399","97","9","Multi-stage","Indoor","2024 Apr 01 12:00:00 AM","2026 Apr 27 12:00:00 AM","United States, Canada","ES_1141425_PHX400_03222024142348_1678541"
"3554340","Thermal Solutions Products LLC","Velocity Boiler Works","AMP","PHX500",,,"500","97","10","Multi-stage","Indoor","2024 Apr 01 12:00:00 AM","2026 Apr 27 12:00:00 AM","United States, Canada","ES_1141425_PHX500_03222024142349_3160031"
"3554341","Thermal Solutions Products LLC","Velocity Boiler Works","AMP","PHX650",,,"650","97","10","Multi-stage","Indoor","2024 Apr 01 12:00:00 AM","2026 Apr 27 12:00:00 AM","United States, Canada","ES_1141425_PHX650_03222024142349_2265634"
"3554342","Thermal Solutions Products LLC","Velocity Boiler Works","AMP","PHX800",,,"800","97","10","Multi-stage","Indoor","2024 Apr 01 12:00:00 AM","2026 Apr 27 12:00:00 AM","United States, Canada","ES_1141425_PHX800_03222024142350_6593624"
"3554343","Thermal Solutions Products LLC","Velocity Boiler Works","AMP","PHX1000L",,,"999","97","9","Multi-stage","Indoor","2024 Apr 01 12:00:00 AM","2026 Apr 27 12:00:00 AM","United States, Canada","ES_1141425_PHX1000L_03222024142350_8500138"
"4479593","Thermal Solutions Products LLC","THERMAL SOLUTIONS","AMP","AMP500C",,,"500","97","10","Multi-stage","Indoor","2025 Jul 01 12:00:00 AM","2025 Jul 23 12:00:00 AM","United States, Canada","ES_1141425_AMP500C_05312025003357_10217486184"
"4479594","Thermal Solutions Products LLC","THERMAL SOLUTIONS","AMP","AMP400C",,,"399","97","9","Multi-stage","Indoor","2025 Jul 01 12:00:00 AM","2025 Jul 23 12:00:00 AM","United States, Canada","ES_1141425_AMP400C_05312025003357_10217486183"
"4479596","Thermal Solutions Products LLC","THERMAL SOLUTIONS","AMP","AMP800C",,,"800","97","10","Multi-stage","Indoor","2025 Jul 01 12:00:00 AM","2025 Jul 23 12:00:00 AM","United States, Canada","ES_1141425_AMP800C_05312025003402_10217486186"
"4479597","Thermal Solutions Products LLC","THERMAL SOLUTIONS","AMP","AMP1000C",,,"999","97","9","Multi-stage","Indoor","2025 Jul 01 12:00:00 AM","2025 Jul 23 12:00:00 AM","United States, Canada","ES_1141425_AMP1000C_05312025003402_10217486187"
"4479598","Thermal Solutions Products LLC","THERMAL SOLUTIONS","AMP","AMP1000C-O",,,"999","97","9","Multi-stage","Outdoor","2025 Jul 11 12:00:00 AM","2025 Jul 23 12:00:00 AM","United States, Canada","ES_1141425_AMP1000C-O_07122025003207_10217595612"
"4479599","Thermal Solutions Products LLC","THERMAL SOLUTIONS","AMP","AMP400C-O",,,"399","97","9","Multi-stage","Outdoor","2025 Jul 11 12:00:00 AM","2025 Jul 23 12:00:00 AM","United States, Canada","ES_1141425_AMP400C-O_07122025003207_10217595608"
"4479600","Thermal Solutions Products LLC","THERMAL SOLUTIONS","AMP","AMP500C-O",,,"500","97","10","Multi-stage","Outdoor","2025 Jul 11 12:00:00 AM","2025 Jul 23 12:00:00 AM","United States, Canada","ES_1141425_AMP500C-O_07122025003207_10217595609"
"4479601","Thermal Solutions Products LLC","THERMAL SOLUTIONS","AMP","AMP800C-O",,,"800","97","10","Multi-stage","Outdoor","2025 Jul 11 12:00:00 AM","2025 Jul 23 12:00:00 AM","United States, Canada","ES_1141425_AMP800C-O_07122025003211_10217595611"
"4480930","Thermal Solutions Products LLC","BRYAN STEAM","BFIT","BFIT1000C-O",,,"999","97","9","Multi-stage","Outdoor","2025 Aug 01 12:00:00 AM","2025 Jul 31 12:00:00 AM","United States, Canada","ES_1141425_BFIT1000C-O_07282025150508_10217617071"
"4480931","Thermal Solutions Products LLC","BRYAN STEAM","BFIT","BFIT800C-O",,,"800","97","10","Multi-stage","Outdoor","2025 Aug 01 12:00:00 AM","2025 Jul 31 12:00:00 AM","United States, Canada","ES_1141425_BFIT800C-O_07282025150513_10217617072"
"4480932","Thermal Solutions Products LLC","BRYAN STEAM","BFIT","BFIT500C-O",,,"500","97","10","Multi-stage","Outdoor","2025 Aug 01 12:00:00 AM","2025 Jul 31 12:00:00 AM","United States, Canada","ES_1141425_BFIT500C-O_07282025150514_10217617074"
"4480933","Thermal Solutions Products LLC","BRYAN STEAM","BFIT","BFIT400C-O",,,"399","97","9","Multi-stage","Outdoor","2025 Aug 01 12:00:00 AM","2025 Jul 31 12:00:00 AM","United States, Canada","ES_1141425_BFIT400C-O_07282025150514_10217617075"
"4480934","Thermal Solutions Products LLC","BRYAN STEAM","BFIT","BFIT800C",,,"800","97","10","Multi-stage","Indoor","2025 Aug 01 12:00:00 AM","2025 Jul 31 12:00:00 AM","United States, Canada","ES_1141425_BFIT800C_07282025150514_10217617077"
"4480935","Thermal Solutions Products LLC","BRYAN STEAM","BFIT","BFIT1000C",,,"999","97","9","Multi-stage","Indoor","2025 Aug 01 12:00:00 AM","2025 Jul 31 12:00:00 AM","United States, Canada","ES_1141425_BFIT1000C_07282025150514_10217617076"
"4480936","Thermal Solutions Products LLC","BRYAN STEAM","BFIT","BFIT650C",,,"650","97","10","Multi-stage","Indoor","2025 Aug 01 12:00:00 AM","2025 Jul 31 12:00:00 AM","United States, Canada","ES_1141425_BFIT650C_07282025150515_10217617078"
"4480937","Thermal Solutions Products LLC","BRYAN STEAM","BFIT","BFIT500C",,,"500","97","10","Multi-stage","Indoor","2025 Aug 01 12:00:00 AM","2025 Jul 31 12:00:00 AM","United States, Canada","ES_1141425_BFIT500C_07282025150515_10217617079"
"4480938","Thermal Solutions Products LLC","BRYAN STEAM","BFIT","BFIT400C",,,"399","97","9","Multi-stage","Indoor","2025 Aug 01 12:00:00 AM","2025 Jul 31 12:00:00 AM","United States, Canada","ES_1141425_BFIT400C_07282025150515_10217617080"
"4480948","Thermal Solutions Products LLC","Velocity Boiler Works","Phantom-XL","PHX1000C-O",,,"999","97","9","Multi-stage","Outdoor","2025 Aug 01 12:00:00 AM","2025 Jul 31 12:00:00 AM","United States, Canada","ES_1141425_PHX1000C-O_07282025162410_10217617197"
"4480949","Thermal Solutions Products LLC","Velocity Boiler Works","Phantom-XL","PHX800C-O",,,"800","97","10","Multi-stage","Outdoor","2025 Aug 01 12:00:00 AM","2025 Jul 31 12:00:00 AM","United States, Canada","ES_1141425_PHX800C-O_07282025162415_10217617198"
"4480950","Thermal Solutions Products LLC","Velocity Boiler Works","Phantom-XL","PHX500C-O",,,"500","97","10","Multi-stage","Outdoor","2025 Aug 01 12:00:00 AM","2025 Jul 31 12:00:00 AM","United States, Canada","ES_1141425_PHX500C-O_07282025162415_10217617200"
"4480951","Thermal Solutions Products LLC","Velocity Boiler Works","Phantom-XL","PHX400C-O",,,"399","97","9","Multi-stage","Outdoor","2025 Aug 01 12:00:00 AM","2025 Jul 31 12:00:00 AM","United States, Canada","ES_1141425_PHX400C-O_07282025162415_10217617201"
"4480952","Thermal Solutions Products LLC","Velocity Boiler Works","Phantom-XL","PHX800C",,,"800","97","10","Multi-stage","Indoor","2025 Aug 01 12:00:00 AM","2025 Jul 31 12:00:00 AM","United States, Canada","ES_1141425_PHX800C_07282025162417_10217617203"
"4480953","Thermal Solutions Products LLC","Velocity Boiler Works","Phantom-XL","PHX1000C",,,"999","97","9","Multi-stage","Indoor","2025 Aug 01 12:00:00 AM","2025 Jul 31 12:00:00 AM","United States, Canada","ES_1141425_PHX1000C_07282025162417_10217617202"
"4480954","Thermal Solutions Products LLC","Velocity Boiler Works","Phantom-XL","PHX650C",,,"650","97","10","Multi-stage","Indoor","2025 Aug 01 12:00:00 AM","2025 Jul 31 12:00:00 AM","United States, Canada","ES_1141425_PHX650C_07282025162417_10217617204"
"4480955","Thermal Solutions Products LLC","Velocity Boiler Works","Phantom-XL","PHX500C",,,"500","97","10","Multi-stage","Indoor","2025 Aug 01 12:00:00 AM","2025 Jul 31 12:00:00 AM","United States, Canada","ES_1141425_PHX500C_07282025162417_10217617205"
"4480956","Thermal Solutions Products LLC","Velocity Boiler Works","Phantom-XL","PHX400C",,,"399","97","9","Multi-stage","Indoor","2025 Aug 01 12:00:00 AM","2025 Jul 31 12:00:00 AM","United States, Canada","ES_1141425_PHX400C_07282025162417_10217617206"
"4480957","Thermal Solutions Products LLC","THERMAL SOLUTIONS","AMP","AMP1500C-O",,,"1,500","96","10","Multi-stage","Outdoor","2025 Sep 01 12:00:00 AM","2025 Jul 31 12:00:00 AM","United States, Canada","ES_1141425_AMP1500C-O_07312025003210_10217619755"
"4480958","Thermal Solutions Products LLC","THERMAL SOLUTIONS","AMP","AMP1250C",,,"1,250","97","10","Multi-stage","Indoor","2025 Sep 01 12:00:00 AM","2025 Jul 31 12:00:00 AM","United States, Canada","ES_1141425_AMP1250C_07312025003210_10217619752"
"4480959","Thermal Solutions Products LLC","THERMAL SOLUTIONS","AMP","AMP1250C-O",,,"1,250","97","10","Multi-stage","Outdoor","2025 Sep 01 12:00:00 AM","2025 Jul 31 12:00:00 AM","United States, Canada","ES_1141425_AMP1250C-O_07312025003210_10217619754"
"4480960","Thermal Solutions Products LLC","THERMAL SOLUTIONS","AMP","AMP1500C",,,"1,500","96","10","Multi-stage","Indoor","2025 Sep 01 12:00:00 AM","2025 Jul 31 12:00:00 AM","United States, Canada","ES_1141425_AMP1500C_07312025003210_10217619753"
"4481167","Thermal Solutions Products LLC","Velocity Boiler Works","Phantom-XL","PHX1500C-O",,,"1,500","96","10","Multi-stage","Outdoor","2025 Sep 01 12:00:00 AM","2025 Aug 11 12:00:00 AM","United States, Canada","ES_1141425_PHX1500C-O_07312025162603_10217624228"
"4481168","Thermal Solutions Products LLC","Velocity Boiler Works","Phantom-XL","PHX1250C-O",,,"1,250","97","10","Multi-stage","Outdoor","2025 Sep 01 12:00:00 AM","2025 Aug 11 12:00:00 AM","United States, Canada","ES_1141425_PHX1250C-O_07312025162604_10217624229"
"4481169","Thermal Solutions Products LLC","Velocity Boiler Works","Phantom-XL","PHX1500C",,,"1,500","96","10","Multi-stage","Indoor","2025 Sep 01 12:00:00 AM","2025 Aug 11 12:00:00 AM","United States, Canada","ES_1141425_PHX1500C_07312025162604_10217624230"
"4481170","Thermal Solutions Products LLC","Velocity Boiler Works","Phantom-XL","PHX1250C",,,"1,250","97","10","Multi-stage","Indoor","2025 Sep 01 12:00:00 AM","2025 Aug 11 12:00:00 AM","United States, Canada","ES_1141425_PHX1250C_07312025162605_10217624231"
"4481171","Thermal Solutions Products LLC","BRYAN STEAM","BFIT","BFIT1500C-O",,,"1,500","96","10","Multi-stage","Outdoor","2025 Sep 01 12:00:00 AM","2025 Aug 11 12:00:00 AM","United States, Canada","ES_1141425_BFIT1500C-O_07312025162805_10217624232"
"4481172","Thermal Solutions Products LLC","BRYAN STEAM","BFIT","BFIT1250C-O",,,"1,250","97","10","Multi-stage","Outdoor","2025 Sep 01 12:00:00 AM","2025 Aug 11 12:00:00 AM","United States, Canada","ES_1141425_BFIT1250C-O_07312025162805_10217624233"
"4481173","Thermal Solutions Products LLC","BRYAN STEAM","BFIT","BFIT1500C",,,"1,500","96","10","Multi-stage","Indoor","2025 Sep 01 12:00:00 AM","2025 Aug 11 12:00:00 AM","United States, Canada","ES_1141425_BFIT1500C_07312025162805_10217624234"
"4481174","Thermal Solutions Products LLC","BRYAN STEAM","BFIT","BFIT1250C",,,"1,250","97","10","Multi-stage","Indoor","2025 Sep 01 12:00:00 AM","2025 Aug 11 12:00:00 AM","United States, Canada","ES_1141425_BFIT1250C_07312025162805_10217624235"
"4497333","Thermal Solutions Products LLC","THERMAL SOLUTIONS","AMP","AMP650C-O",,,"650","97","10","Multi-stage","Outdoor","2025 Jul 11 12:00:00 AM","2025 Aug 25 12:00:00 AM","United States, Canada","ES_1141225_AMP650C-O_07122025003207_10217595610"
"4497635","Thermal Solutions Products LLC","BRYAN STEAM","BFIT","BFIT650C-O",,,"650","97","10","Multi-stage","Outdoor","2025 Aug 01 12:00:00 AM","2025 Aug 29 12:00:00 AM","United States, Canada","ES_1141425_BFIT650C-O_07282025150513_10217617073"
"4497637","Thermal Solutions Products LLC","Velocity Boiler Works","Phantom-XL","PHX650C-O",,,"650","97","10","Multi-stage","Outdoor","2025 Aug 01 12:00:00 AM","2025 Aug 29 12:00:00 AM","United States, Canada","ES_1141425_PHX650C-O_07282025162415_10217617199"
"4682274","Thermal Solutions Products LLC","U.S. Boiler Company","Citadel","CTD1250C",,,"1,250","97","10","Multi-stage","Indoor","2025 Sep 01 12:00:00 AM","2026 Aug 04 12:00:00 AM","United States, Canada","ES_1141425_CTD1250C_05222026010201_10218465733"
"4682275","Thermal Solutions Products LLC","U.S. Boiler Company","Citadel","CTD1500C",,,"1,500","96","10","Multi-stage","Indoor","2025 Sep 01 12:00:00 AM","2026 Aug 04 12:00:00 AM","United States, Canada","ES_1141425_CTD1500C_05222026010201_10218465732"
"4682276","Thermal Solutions Products LLC","U.S. Boiler Company","Citadel","CTD1250C-O",,,"1,250","97","10","Multi-stage","Outdoor","2025 Sep 01 12:00:00 AM","2026 Aug 04 12:00:00 AM","United States, Canada","ES_1141425_CTD1250C-O_05222026010201_10218465731"
"4682277","Thermal Solutions Products LLC","U.S. Boiler Company","Citadel","CTD1500C-O",,,"1,500","96","10","Multi-stage","Outdoor","2025 Sep 01 12:00:00 AM","2026 Aug 04 12:00:00 AM","United States, Canada","ES_1141425_CTD1500C-O_05222026010201_10218465730"
"4682278","Thermal Solutions Products LLC","U.S. Boiler Company","Citadel","CTD400C",,,"399","97","9","Multi-stage","Indoor","2025 Aug 01 12:00:00 AM","2026 Aug 04 12:00:00 AM","United States, Canada","ES_1141425_CTD400C_05222026010201_10218465729"
"4682279","Thermal Solutions Products LLC","U.S. Boiler Company","Citadel","CTD500C",,,"500","97","10","Multi-stage","Indoor","2025 Aug 01 12:00:00 AM","2026 Aug 04 12:00:00 AM","United States, Canada","ES_1141425_CTD500C_05222026010201_10218465728"
"4682280","Thermal Solutions Products LLC","U.S. Boiler Company","Citadel","CTD650C",,,"650","97","10","Multi-stage","Indoor","2025 Aug 01 12:00:00 AM","2026 Aug 04 12:00:00 AM","United States, Canada","ES_1141425_CTD650C_05222026010201_10218465727"
"4682281","Thermal Solutions Products LLC","U.S. Boiler Company","Citadel","CTD800C",,,"800","97","10","Multi-stage","Indoor","2025 Aug 01 12:00:00 AM","2026 Aug 04 12:00:00 AM","United States, Canada","ES_1141425_CTD800C_05222026010201_10218465726"
"4682282","Thermal Solutions Products LLC","U.S. Boiler Company","Citadel","CTD1000C",,,"999","97","9","Multi-stage","Indoor","2025 Aug 01 12:00:00 AM","2026 Aug 04 12:00:00 AM","United States, Canada","ES_1141425_CTD1000C_05222026010201_10218465725"
"4682283","Thermal Solutions Products LLC","U.S. Boiler Company","Citadel","CTD400C-O",,,"399","97","9","Multi-stage","Outdoor","2025 Aug 01 12:00:00 AM","2026 Aug 04 12:00:00 AM","United States, Canada","ES_1141425_CTD400C-O_05222026010201_10218465724"
"4682284","Thermal Solutions Products LLC","U.S. Boiler Company","Citadel","CTD500C-O",,,"500","97","10","Multi-stage","Outdoor","2025 Aug 01 12:00:00 AM","2026 Aug 04 12:00:00 AM","United States, Canada","ES_1141425_CTD500C-O_05222026010201_10218465723"
"4682285","Thermal Solutions Products LLC","U.S. Boiler Company","Citadel","CTD650C-O",,,"650","97","10","Multi-stage","Outdoor","2025 Aug 01 12:00:00 AM","2026 Aug 04 12:00:00 AM","United States, Canada","ES_1141425_CTD650C-O_05222026010201_10218465722"
"4682286","Thermal Solutions Products LLC","U.S. Boiler Company","Citadel","CTD800C-O",,,"800","97","10","Multi-stage","Outdoor","2025 Aug 01 12:00:00 AM","2026 Aug 04 12:00:00 AM","United States, Canada","ES_1141425_CTD800C-O_05222026010201_10218465721"
"4682287","Thermal Solutions Products LLC","U.S. Boiler Company","Citadel","CTD1000C-O",,,"999","97","9","Multi-stage","Outdoor","2025 Aug 01 12:00:00 AM","2026 Aug 04 12:00:00 AM","United States, Canada","ES_1141425_CTD1000C-O_05222026010201_10218465720"
"4682288","Thermal Solutions Products LLC","U.S. Boiler Company","Citadel","CTD1500",,,"1,500","97","5","Multi-stage","Indoor","2023 Apr 24 12:00:00 AM","2026 Aug 04 12:00:00 AM","United States, Canada","ES_1141425_CTD1500_05222026010201_10218465719"
"4682289","Thermal Solutions Products LLC","U.S. Boiler Company","Citadel","CTD1250",,,"1,250","97","5","Multi-stage","Indoor","2023 Apr 24 12:00:00 AM","2026 Aug 04 12:00:00 AM","United States, Canada","ES_1141425_CTD1250_05222026010201_10218465718"
"2318280","U.S. Boiler Company, LLC","Burnham by U.S. Boiler","Alpine","ALP500C",,,"500","97","5","Multi-stage","Indoor","2017 Nov 01 12:00:00 AM","2018 Apr 10 12:00:00 AM","United States, Canada","ES_23449_ALP500C_04102018174752_1033193"
"2318281","U.S. Boiler Company, LLC","Burnham by U.S. Boiler","Alpine","ALP600C",,,"625","95","5","Multi-stage","Indoor","2017 Nov 01 12:00:00 AM","2018 Apr 10 12:00:00 AM","United States, Canada","ES_23449_ALP600C_04102018174755_9320542"
"2318282","U.S. Boiler Company, LLC","Burnham by U.S. Boiler","Alpine","ALP700C",,,"725","95","5","Multi-stage","Indoor","2017 Nov 01 12:00:00 AM","2018 Apr 10 12:00:00 AM","United States, Canada","ES_23449_ALP700C_04102018174757_1544607"
"2318283","U.S. Boiler Company, LLC","Burnham by U.S. Boiler","Alpine","ALP800C",,,"800","95","5","Multi-stage","Indoor","2017 Nov 01 12:00:00 AM","2018 Apr 10 12:00:00 AM","United States, Canada","ES_23449_ALP800C_04102018174800_0944772"
"2318329","U.S. Boiler Company, LLC","Burnham by U.S. Boiler","K2FT","ASPN-320",,,"320","95","10","Multi-stage","Indoor","2017 Aug 01 12:00:00 AM","2018 Apr 10 12:00:00 AM","United States, Canada","ES_23449_ASPN-320_04102018180446_2774397"
"2318330","U.S. Boiler Company, LLC","Burnham by U.S. Boiler","K2FT","ASPN-399",,,"399","95","10","Multi-stage","Indoor","2017 Aug 01 12:00:00 AM","2018 Apr 10 12:00:00 AM","United States, Canada","ES_23449_ASPN-399_04102018180448_9841030"
"2371715","U.S. Boiler Company, LLC","Burnham by U.S. Boiler","Alpine","ALP399C",,,"399","94.1","5","Multi-stage","Indoor","2017 Nov 01 12:00:00 AM","2021 Nov 08 12:00:00 AM","United States, Canada","ES_23449_ALP399C_03162020181510_814871"
"2323646","Velocity Boiler Works","Velocity Boiler Works","Alpine","PHNTM500C",,,"500","97","5","Multi-stage","Indoor","2017 Nov 01 12:00:00 AM","2021 Nov 08 12:00:00 AM","United States, Canada","ES_1136570_PHNTM500C_07312018235340_5201219"
"2323649","Velocity Boiler Works","Velocity Boiler Works","K2FT","RPTR399HB",,,"399","95","10","Multi-stage","Indoor","2017 Aug 01 12:00:00 AM","2023 Sep 01 12:00:00 AM","United States, Canada","ES_1136570_RPTR399HB_07312018235713_8960851"
"2323650","Velocity Boiler Works","Velocity Boiler Works","K2FT","RPTR320HB",,,"320","95","10","Multi-stage","Indoor","2017 Aug 01 12:00:00 AM","2021 Nov 08 12:00:00 AM","United States, Canada","ES_1136570_RPTR320HB_07312018235715_2974013"
"2344403","Velocity Boiler Works","Velocity Boiler Works","PHNTM","PHNTM600C",,,"625","95","5","Multi-stage","Indoor","2019 May 01 12:00:00 AM","2021 Nov 08 12:00:00 AM","United States, Canada","ES_1136570_PHNTM600C_08122019234256_0050240"
"2344404","Velocity Boiler Works","Velocity Boiler Works","PHNTM","PHNTM700C",,,"725","95","5","Multi-stage","Indoor","2019 May 01 12:00:00 AM","2021 Nov 08 12:00:00 AM","United States, Canada","ES_1136570_PHNTM700C_08122019234309_7467654"
"2344405","Velocity Boiler Works","Velocity Boiler Works","PHNTM","PHNTM800C",,,"800","95","5","Multi-stage","Indoor","2019 May 01 12:00:00 AM","2021 Nov 08 12:00:00 AM","United States, Canada","ES_1136570_PHNTM800C_08122019234312_6181682"
"2374392","Velocity Boiler Works","Velocity Boiler Works","Alpine","PHNTM399C",,,"399","94.1","5","Multi-stage","Indoor","2017 Nov 01 12:00:00 AM","2021 Nov 08 12:00:00 AM","United States, Canada","ES_1136570_PHNTM399C_03162020181510_912860"
"2452868","Viessmann Manufacturing Company","Viessmann","CI2-399","CI2-399",,,"399","98","7","Multi-stage","Indoor","2022 Jan 07 12:00:00 AM","2023 Mar 29 12:00:00 AM","United States, Canada","ES_1105949_CI2-399_03212023142438_3724341"
"2452869","Viessmann Manufacturing Company","Viessmann","CI2-500","CI2-500",,,"500","97.9","10","Multi-stage","Indoor","2022 Jan 07 12:00:00 AM","2023 Mar 29 12:00:00 AM","United States, Canada","ES_1105949_CI2-500_03212023142444_6753159"
"2452870","Viessmann Manufacturing Company","Viessmann","CI2-750","CI2-750",,,"750","97.8","10","Multi-stage","Indoor","2022 Jan 07 12:00:00 AM","2023 Mar 29 12:00:00 AM","United States, Canada","ES_1105949_CI2-750_03212023142451_8851495"
"2452871","Viessmann Manufacturing Company","Viessmann","CI2-1000","CI2-1000",,,"1,000","97.7","10","Multi-stage","Indoor","2022 Jan 07 12:00:00 AM","2023 Mar 29 12:00:00 AM","United States, Canada","ES_1105949_CI2-1000_03212023142456_3420234"
"2452872","Viessmann Manufacturing Company","Viessmann","CI2-1500","CI2-1500",,,"1,500","97.3","30","Multi-stage","Indoor","2022 Jan 07 12:00:00 AM","2023 Mar 29 12:00:00 AM","United States, Canada","ES_1105949_CI2-1500_03212023142501_3619481"
"2452873","Viessmann Manufacturing Company","Viessmann","CI2-2000","CI2-2000",,,"2,000","97","20","Multi-stage","Indoor","2022 Jan 07 12:00:00 AM","2023 Mar 29 12:00:00 AM","United States, Canada","ES_1105949_CI2-2000_03212023142506_7710226"
